CustomerID,Name,Age,Gender,City,JoinDate,Salary,PurchaseAmount
1,Kavya Nair,43.0,MALE,Delhi,07/31/2022,21155.99,919.05
2,Arjun Patel,57.0,MALE,delhi,03/09/2023,47170.39,1205.19
3,Aarav Singh,24.0,Female,Bangalore,2024-04-04,70904.28,882.69
4,Aditya Patel,27.0,MALE,bangalore,12-02-2024,39942.2,428.74
5,Ananya Reddy,26.0,Female,Mumbai,2022-09-15,54261.24,2853.45
6,Meera Singh,28.0,male,Delhi,25/03/2023,38001.11,9504.1
7,Aarav Gupta,54.0,Female,mumbai,08/03/2023,33324.04,
8,Vivaan Das,55.0,male,mumbai,06/14/2024,81315.56,1646.49
9,Rahul Iyer,39.0,FEMALE,Delhi,23-07-2022,85618.69,1736.79
10,Rohan Reddy,64.0,MALE,delhi,2022-11-06,37645.78,163.78
11,Ananya Sharma,22.0,Female,Hyderabad,20-04-2023,52017.46,3229.67
12,Meera Reddy,47.0,female,Hyderabad,21-07-2023,34597.27,4811.78
13,Vihaan Singh,35.0,M,Bangalore,2022-04-11,74845.79,1845.01
14,Kabir Patel,52.0,Female, Pune,2023-09-15,56071.89,3371.04
15,Kabir Verma,23,FEMALE,mumbai,2023-03-15,51528.6,4780.12
16,Rohan Singh,39.0,female,Pune,28-11-2022,22995.77,1921.98
17,Tara Patel,30.0,female,delhi,13/12/2023,48123.33,2650.9
18,Ishaan Reddy,31.0,Male,Bangalore,12/29/2023,77360.17,426.33
19,Neha Nair,45.0,MALE,Pune,2022-02-12,80680.98,11083.45
20,Tara Verma,49,MALE,Mumbai,15/07/2023,57823.19,2929.9
21,Vivaan Gupta,37.0,FEMALE,MUMBAI,31/07/2023,63777.27,4948.21
22,Neha Singh,51.0,female,Pune,05-03-2023,37350.39,4948.76
23,Sara Singh,33,Male,MUMBAI,2022-08-20,55035.63,
24,Aditya Sharma,61.0,F,Bangalore,25/05/2022,56000.42,1066.66
25,Aarav Patel,54,F,mumbai,09-04-2024,47422.59,4413.34
26,Kavya Iyer,32.0,FEMALE,Delhi,16/04/2022,50038.49,1795.56
27,Meera Verma,60.0,Male,mumbai,11/28/2022,35596.27,600.49
28,Arjun Sharma,44.0,Male,mumbai,2023-06-05,22016.33,693.1
29,Kavya Khan,52.0,female,delhi,02/14/2022,45547.52,8468.65
30,Rahul Das,40.0,M,Bangalore,05/21/2024,66772.01,2716.21
31,Kabir Sharma,60.0,MALE,delhi,27-08-2022,72616.04,3734.89
32,Nikhil Gupta,58,F,Pune,03/05/2023,33290.78,121.31
33,Kabir Iyer,55.0,MALE,mumbai,25/03/2024,44470.24,848.66
34,Kabir Nair,18.0,female,mumbai,18-06-2023,37921.51,3252.76
35,Tara Nair,26.0,F,Chennai,04/01/2024,68672.15,472.35
36,Rahul Reddy,35.0,male,Hyderabad,06/03/2024,42642.43,2973.46
37,Priya Singh,18.0,Male,Hyderabad,26/09/2022,29840.29,949.91
38,Tara Verma,55.0,F,bangalore,12/05/2023,70265.95,176.87
39,Tara Iyer,38.0,M,Hyderabad,02-02-2024,71899.33,2735.86
40,Zara Iyer,40.0,female,Delhi,29/01/2022,57647.19,1390.28
41,Zara Khan,27.0,male,Pune,2022-10-20,43554.98,595.05
42,Kavya Reddy,55.0,M,bangalore,18-11-2023,87159.42,523.18
43,Rahul Gupta,64.0,FEMALE,Bangalore,12/30/2023,67656.12,1046.85
44,Aditya Iyer,28.0,female,Delhi,2023-06-01,52465.05,6406.45
45,Nikhil Iyer,57.0,Male, Pune,14/03/2022,37485.55,210.99
46,Nikhil Verma,60,MALE,MUMBAI,12-04-2024,66091.64,16.97
47,Priya Sharma,18.0,M,Delhi,30-04-2022,55309.05,1710.46
48,Simran Patel,29.0,F,bangalore,14/04/2024,63881.3,2109.92
49,Sara Patel,56.0,M,mumbai,05/25/2022,84313.1,1644.55
50,Ananya Sharma,41.0,MALE,delhi,2022-02-01,38555.01,2228.92
51,Aarav Singh,61.0,M,Bangalore,29/11/2022,52733.34,1786.65
52,Kabir Patel,55.0,male,delhi,18-02-2023,82618.66,7357.43
53,Aditya Reddy,51.0,MALE,Chennai,2023-09-17,81286.69,3981.1
54,Priya Iyer,32.0,MALE,MUMBAI,2022-10-15,56126.37,2520.94
55,Rohan Singh,36.0,,Chennai,2023-11-27,48155.48,988.3
56,Aarav Verma,42,FEMALE, Pune,15-03-2024,12000.0,1323.26
57,Tara Verma,38,,Chennai,11/18/2023,51694.91,15.25
58,Arjun Das,64.0,F,Chennai,20/05/2024,41412.2,3737.98
59,Aditya Iyer,36.0,Female,Bangalore,2023-06-14,44342.92,3737.79
60,Ananya Gupta,57.0,MALE,Mumbai,2023-05-06,85068.06,1053.67
61,Diya Sharma,50,MALE,mumbai,12/19/2022,65346.09,3234.6
62,Diya Patel,48.0,M,Chennai,08-07-2023,56292.22,2446.38
63,Aditya Gupta,62.0,female, Pune,13/05/2023,51053.26,1159.93
64,Kavya Gupta,,Male,Delhi,01/08/2023,62176.6,1405.97
65,Simran Singh,22,F,delhi,01/01/2022,54924.83,2892.35
66,Tara Nair,28.0,Male,Chennai,2022-10-23,,2267.59
67,Simran Singh,34.0,MALE,Chennai,2022-11-30,33838.99,7365.02
68,Aarav Gupta,53,Female, Pune,01/04/2024,70864.85,6062.42
69,Arjun Patel,28.0,Female,Mumbai,27/03/2022,51397.22,231.25
70,Sara Singh,41.0,FEMALE,MUMBAI,2024-04-24,40857.2,
71,Meera Gupta,25.0,Female,MUMBAI,08/07/2022,55755.27,8265.53
72,Simran Gupta,53.0,FEMALE,Hyderabad,09/18/2022,42164.02,2628.16
73,Aditya Patel,39.0,Female,Mumbai,11/01/2022,53376.71,348.58
74,Diya Verma,27.0,F,MUMBAI,04/21/2024,60652.51,6988.75
75,Vivaan Iyer,35.0,F,bangalore,13-05-2024,34954.49,564.3
76,Nikhil Gupta,57.0,female,delhi,05-05-2022,58276.16,4102.54
77,Arjun Verma,57.0,Female,Mumbai,18/04/2023,95612.03,3315.7
78,Aarav Das,30.0,F,Bangalore,24-02-2024,,18408.03
79,Rahul Reddy,,FEMALE,Bangalore,07/05/2023,86025.68,15095.19
80,Ishaan Singh,32.0,Female,Delhi,2024-01-24,,-1515.29
81,Priya Patel,19.0,MALE,MUMBAI,08/31/2022,320472.88,7253.11
82,Ishaan Nair,57.0,F,mumbai,2022-08-07,27452.82,1432.18
83,Zara Singh,29.0,male,Bangalore,2022-11-07,,1495.73
84,Rahul Sharma,19.0,female, Pune,2022-07-22,41747.51,1450.78
85,Meera Verma,33,F,Pune,2023-05-21,49176.1,2271.6
86,Rohan Gupta,49.0,M,Hyderabad,27/02/2023,54452.63,2899.93
87,Aarav Singh,18.0,Female,Delhi,2022-09-08,49400.09,
88,Kabir Iyer,31.0,F,bangalore,2022-01-29,45638.49,1715.29
89,Kavya Nair,35.0,FEMALE,bangalore,12/05/2022,59040.12,1328.86
90,Meera Iyer,,Male,Mumbai,10/02/2023,40227.94,4438.35
91,Zara Patel,27.0,male,delhi,01/17/2022,53712.47,2030.55
92,Simran Gupta,31.0,M,Mumbai,15-01-2024,61926.97,2998.03
93,Aarav Gupta,61.0,male,MUMBAI,03/16/2023,71622.81,942.82
94,Arjun Singh,47.0,MALE, Pune,2022-06-23,40012.36,1481.34
95,Rohan Patel,32.0,male,Delhi,02-12-2022,40762.71,5244.72
96,Vihaan Verma,47.0,FEMALE,Hyderabad,09/12/2022,32845.28,11490.21
97,Neha Singh,54.0,female,Mumbai,06-01-2024,,2124.83
98,Aditya Sharma,23.0,Male,Delhi,16-04-2024,44156.7,381.93
99,Simran Patel,39.0,female,MUMBAI,08/14/2022,,1620.64
100,Meera Verma,31.0,F,Delhi,2022-04-13,41107.7,1262.15
101,Diya Reddy,26.0,FEMALE,MUMBAI,05/24/2023,41546.99,4573.51
102,Tara Khan,43.0,female,Pune,05/04/2024,40913.51,2563.14
103,Sara Das,40.0,female,bangalore,31-08-2023,52084.93,1173.9
104,Nikhil Gupta,20.0,,delhi,02/01/2023,60273.66,147.73
105,Priya Singh,38.0,female,delhi,26-04-2024,21383.62,5383.46
106,Zara Patel,32.0,Male,bangalore,31-10-2023,61084.92,617.45
107,Diya Singh,60.0,Female,,28-11-2022,94435.35,502.48
108,Neha Patel,20.0,Female,Bangalore,2022-03-12,77135.29,3856.28
109,Simran Singh,42.0,Female,Bangalore,2022-03-27,71798.39,6513.66
110,Simran Das,39.0,Female,delhi,01/21/2024,,4337.48
111,Rohan Khan,56.0,F, Pune,24/04/2023,33735.96,835.81
112,Rahul Sharma,33.0,female, Pune,03/09/2024,74446.49,341.7
113,Rohan Reddy,34,male,Mumbai,15-10-2023,35872.46,1044.94
114,Zara Gupta,43.0,M,,12/16/2023,42581.75,3929.15
115,Priya Singh,40.0,MALE,Delhi,25/07/2022,85652.02,2812.18
116,Kabir Nair,48.0,FEMALE,delhi,2022-08-21,45769.06,1583.69
117,Ananya Gupta,23.0,FEMALE,mumbai,17/05/2022,76600.39,
118,Tara Sharma,56.0,F,mumbai,09/06/2023,89162.26,8205.51
119,Tara Verma,39.0,Female,Pune,09/08/2022,38298.52,767.86
120,Sara Khan,63.0,,Delhi,28/12/2023,74420.19,164.18
121,Aarav Khan,34.0,Male,,31/01/2022,46839.17,1711.7
122,Sara Gupta,38.0,Female,Hyderabad,06/04/2024,64936.43,6159.69
123,Priya Das,43.0,male,MUMBAI,26-09-2023,76351.15,763.59
124,Priya Gupta,51,FEMALE,delhi,2023-08-05,59546.71,3563.59
125,Priya Nair,51.0,MALE,Bangalore,18/04/2023,67717.96,1843.64
126,Kabir Singh,24.0,FEMALE,Bangalore,22/02/2022,44079.73,903.95
127,Nikhil Gupta,19.0,FEMALE,mumbai,21/05/2023,60598.19,958.22
128,Ananya Sharma,58.0,female,Mumbai,2022-11-24,56316.58,2953.77
129,Tara Iyer,27.0,female,Pune,05/10/2023,12000.0,2723.89
130,Priya Patel,20.0,Male,Hyderabad,28-03-2024,57968.81,3349.08
131,Sara Das,25.0,FEMALE,Delhi,07-05-2022,,7727.62
132,Neha Iyer,39.0,,Delhi,21-07-2023,46060.36,3369.74
133,Ananya Das,48.0,Male,bangalore,19-05-2023,,567.95
134,Sara Nair,34.0,M,Bangalore,06/25/2022,46254.02,726.3
135,Nikhil Iyer,19.0,MALE, Pune,07/28/2023,57071.66,1073.96
136,Nikhil Sharma,47.0,M,mumbai,2023-05-14,19803.39,1540.49
137,Sara Patel,35.0,Male,Bangalore,2022-06-16,30339.07,1989.25
138,Ishaan Reddy,58.0,M, Pune,19-09-2022,78822.83,1429.06
139,Kavya Khan,51.0,MALE,delhi,2023-01-23,35886.01,875.27
140,Diya Singh,56.0,F,bangalore,02/04/2024,104385.58,6991.79
141,Nikhil Patel,47.0,M,Delhi,31-08-2022,73524.76,1642.58
142,Sara Khan,34.0,Male,MUMBAI,2023-04-10,,3842.53
143,Rahul Nair,55.0,male,Delhi,2023-12-28,83955.38,996.98
144,Diya Reddy,45,female,Pune,06/27/2022,54060.69,2436.8
145,Rahul Nair,,female,Bangalore,15/12/2022,59173.43,2989.42
146,Rahul Reddy,50.0,Male,Bangalore,29/04/2023,71670.57,5151.41
147,Kavya Patel,52.0,MALE, Pune,29-12-2023,65313.29,747.29
148,Aarav Verma,50.0,male,bangalore,09/04/2024,702003.36,718.67
149,Diya Patel,46.0,Female,Delhi,15-03-2022,54934.47,2493.8
150,Arjun Patel,60.0,Female,MUMBAI,2022-06-09,,961.74
151,Neha Singh,44.0,MALE,Mumbai,03/14/2023,57598.57,1912.21
152,Nikhil Verma,47.0,F,Bangalore,17-03-2022,53293.83,1096.2
153,Kabir Gupta,27.0,Male, Pune,13-08-2023,30403.23,477.42
154,Rahul Sharma,36.0,male,delhi,28/01/2022,58703.58,1081.41
155,Aditya Singh,59.0,Male,mumbai,23-03-2024,29985.77,248.52
156,Tara Reddy,51.0,M, Pune,18-09-2023,,698.42
157,Priya Khan,35.0,Male,Delhi,2022-07-13,62465.65,-5200.1
158,Arjun Gupta,46,F,Mumbai,02/19/2024,50706.19,6761.63
159,Ishaan Patel,59.0,M,Delhi,25-08-2023,79033.48,3076.43
160,Rahul Iyer,42.0,male,Delhi,21-05-2023,14525.68,2741.68
161,Rohan Sharma,55.0,M,bangalore,03/30/2024,54657.88,2652.86
162,Tara Singh,23.0,Female,bangalore,25/01/2023,43477.52,9401.85
163,Vihaan Das,28.0,Female,bangalore,2023-04-01,38087.02,3161.06
164,Vihaan Sharma,48,M,MUMBAI,11-10-2023,,
165,Ananya Gupta,46.0,M,mumbai,2023-11-21,87853.61,7721.62
166,Simran Sharma,52.0,FEMALE, Pune,26-12-2022,68968.61,
167,Arjun Nair,25.0,male,Hyderabad,2024-06-12,47985.16,4091.34
168,Rahul Singh,20.0,Female,Mumbai,02-04-2024,23517.19,4711.82
169,Nikhil Khan,18.0,Male,MUMBAI,2022-05-25,61727.5,7995.55
170,Simran Gupta,25.0,MALE,,04/22/2023,57267.22,1621.27
171,Tara Khan,43.0,Female,bangalore,01/18/2022,61666.18,2512.33
172,Nikhil Khan,40.0,F,bangalore,03-12-2023,39955.6,3093.39
173,Priya Nair,39.0,FEMALE,Pune,2024-04-09,52623.03,6997.28
174,Nikhil Das,37,F,mumbai,11/08/2022,41637.59,924.6
175,Priya Sharma,26,Female,mumbai,13-12-2022,44447.13,3264.71
176,Aarav Gupta,33.0,MALE,MUMBAI,2023-10-08,55594.52,1047.33
177,Sara Nair,48.0,F, Pune,31/05/2023,47369.12,1622.76
178,Tara Nair,47.0,Male,bangalore,21-05-2023,45909.35,907.31
179,Vivaan Patel,19.0,Female,Bangalore,2023-05-24,35397.06,7295.6
180,Kabir Das,22.0,Male,MUMBAI,2023-06-15,24384.26,4469.26
181,Meera Verma,20.0,MALE,Delhi,2022-04-06,41744.35,6401.08
182,Kabir Singh,61.0,Female, Pune,21/04/2024,44439.95,8351.3
183,Sara Khan,26,female, Pune,08/30/2023,36089.56,7120.63
184,Tara Khan,46.0,Female,Hyderabad,22/05/2023,56405.21,472.75
185,Rohan Iyer,36.0,F,bangalore,2022-05-17,65029.18,684.18
186,Sara Sharma,63.0,,bangalore,28-10-2023,,6081.63
187,Kabir Sharma,26.0,F,delhi,10-10-2023,68530.01,696.74
188,Rohan Nair,33.0,male,delhi,2023-03-07,82810.68,5401.86
189,Vihaan Verma,36.0,Male,Bangalore,19/07/2022,54589.46,824.5
190,Zara Reddy,25.0,F,MUMBAI,04-05-2024,35356.98,7096.06
191,Rahul Nair,57.0,Female,Delhi,08/20/2022,40989.76,722.12
192,Meera Iyer,33.0,Male,Mumbai,2023-09-10,76407.75,5637.86
193,Meera Patel,50.0,M,mumbai,29/03/2023,72087.43,1464.18
194,Aarav Gupta,50.0,MALE, Pune,10-11-2023,63350.64,1718.34
195,Sara Verma,45.0,F,Hyderabad,01/05/2023,53608.64,1254.83
196,Tara Singh,34.0,F,Mumbai,18/03/2022,32387.71,
197,Kabir Patel,19.0,female, Pune,2022-11-30,64348.23,4914.58
198,Rahul Verma,28.0,Female,Chennai,13/11/2023,55644.42,7282.26
199,Rohan Nair,42.0,F,MUMBAI,01/26/2024,42209.44,1818.38
200,Ananya Khan,18.0,Male,bangalore,06/08/2024,68293.99,253.59
201,Priya Reddy,45.0,male,Pune,11/05/2022,51474.81,13458.97
202,Nikhil Patel,51.0,Female,bangalore,08/03/2023,44002.37,3686.3
203,Nikhil Gupta,24,M,MUMBAI,22-10-2022,18543.88,203.76
204,Meera Das,52.0,Male,Hyderabad,09/19/2023,33042.14,874.48
205,Tara Verma,28.0,,Bangalore,2023-02-14,51045.59,2285.71
206,Rohan Nair,40.0,female,Pune,2022-03-23,12000.0,5017.75
207,Priya Patel,59.0,female,Chennai,28-10-2022,56992.72,4452.33
208,Aditya Iyer,22,FEMALE,Hyderabad,10/09/2022,35312.94,977.87
209,Arjun Gupta,56.0,Female,MUMBAI,2024-01-26,48229.43,470.1
210,Kavya Khan,35.0,Female,Mumbai,05/29/2024,41154.6,11396.75
211,Arjun Das,47.0,Female,bangalore,03/15/2023,50390.81,13906.58
212,Vihaan Das,50.0,Female,delhi,2022-10-07,63548.05,13179.63
213,Vihaan Reddy,25.0,Female,Mumbai,12/17/2023,57599.9,249.97
214,Arjun Nair,37.0,Male,Delhi,24-04-2024,57465.05,5491.86
215,Rohan Singh,56,FEMALE,MUMBAI,2023-02-02,517357.92,3512.22
216,Vihaan Patel,39.0,Male,Pune,08-06-2022,77156.67,1573.64
217,Diya Singh,38.0,MALE,Bangalore,01-02-2022,74078.1,
218,Vihaan Nair,56.0,MALE,Hyderabad,05/03/2022,45363.44,280.93
219,Meera Singh,,female, Pune,24/03/2022,28138.89,1333.13
220,Arjun Nair,59.0,F, Pune,29-01-2022,56121.79,3289.79
221,Diya Verma,49.0,male,MUMBAI,18/06/2024,28244.15,2306.24
222,Ananya Patel,39.0,MALE,Delhi,05-04-2024,45655.73,4631.2
223,Nikhil Nair,35.0,Female,bangalore,2023-09-18,55349.45,3586.35
224,Nikhil Patel,42.0,,Pune,04/07/2022,41743.71,8392.9
225,Sara Khan,29.0,, Pune,05-01-2023,43831.82,5438.68
226,Kabir Verma,37.0,F,mumbai,02/10/2022,53948.79,2116.64
227,Vihaan Iyer,34.0,F, Pune,27/01/2024,37945.73,8358.77
228,Rohan Sharma,43.0,F,Hyderabad,03/09/2023,54434.1,5665.73
229,Meera Reddy,45.0,MALE,Pune,01/10/2022,67300.15,5108.54
230,Arjun Singh,45.0,Female,MUMBAI,2022-07-09,78873.93,793.85
231,Aarav Iyer,50.0,FEMALE, Pune,01/25/2024,76389.34,2060.36
232,Neha Reddy,29.0,M,Mumbai,12-05-2024,63395.9,2854.12
233,Aarav Reddy,51.0,female,bangalore,01/18/2023,35718.1,2819.77
234,Arjun Iyer,48.0,Male,Chennai,04/28/2022,,517.81
235,Aarav Verma,46.0,Female,Hyderabad,2023-10-09,355027.52,2516.82
236,Rahul Singh,30.0,Male,bangalore,02/10/2023,70511.22,473.76
237,Ananya Khan,49.0,Male,bangalore,31/07/2023,72287.11,3219.04
238,Sara Verma,30.0,F,mumbai,05/01/2022,73322.01,10392.44
239,Ishaan Sharma,42.0,F,Hyderabad,18/06/2024,49240.77,2814.99
240,Meera Singh,28.0,male,mumbai,2022-09-30,31217.84,1802.43
241,Meera Sharma,40.0,F,mumbai,2024-06-16,70617.88,6880.27
242,Nikhil Reddy,30.0,FEMALE, Pune,03/18/2024,63747.41,6375.43
243,Zara Sharma,46.0,,Bangalore,2022-12-26,80665.95,1090.81
244,Sara Reddy,19.0,male,Chennai,06/14/2022,66988.84,58.63
245,Ananya Iyer,18.0,male,Mumbai,2024-05-03,26808.81,1920.22
246,Vihaan Singh,,MALE,delhi,28/09/2023,66418.6,8271.79
247,Zara Reddy,52.0,M,bangalore,2023-01-06,44682.43,1186.16
248,Simran Sharma,41.0,male,Mumbai,03/17/2024,67278.53,4006.97
249,Diya Verma,46.0,Male,delhi,2023-06-03,54870.45,3698.58
250,Kavya Singh,48.0,Female,Bangalore,25/05/2024,48864.82,6310.94
251,Arjun Singh,60.0,MALE,Chennai,06/01/2022,57416.2,2229.02
252,Tara Reddy,60.0,FEMALE,Mumbai,27-04-2022,66703.39,1450.68
253,Vihaan Khan,51.0,MALE,delhi,04/14/2022,58363.54,392.43
254,Kabir Patel,35.0,F,Delhi,03/31/2022,71588.68,629.28
255,Sara Patel,40.0,M,Pune,2023-04-13,43529.56,647.44
256,Ishaan Sharma,41.0,male,Pune,2023-03-20,22164.79,1945.16
257,Kavya Khan,,FEMALE, Pune,24/01/2023,63558.45,76.05
258,Aditya Khan,19.0,MALE,Delhi,03-06-2024,49116.34,1448.96
259,Rahul Singh,27.0,MALE,Pune,07/13/2022,69934.29,2274.54
260,Neha Patel,27.0,Female,Mumbai,01-05-2024,81580.38,3264.72
261,Sara Nair,43.0,MALE,bangalore,02/16/2024,26027.76,4109.09
262,Simran Gupta,62.0,Male,Delhi,08/02/2022,67784.82,629.43
263,Ishaan Verma,62.0,F,Bangalore,10/08/2023,,3140.79
264,Vivaan Singh,43,male,Mumbai,08/21/2023,38531.83,2118.27
265,Aditya Khan,29.0,FEMALE,MUMBAI,27/07/2022,99919.96,5472.2
266,Sara Sharma,,MALE,mumbai,27/08/2022,46256.72,5331.62
267,Zara Nair,23.0,MALE,Delhi,2024-02-11,56548.21,4209.24
268,Priya Singh,43,male,Mumbai,30/07/2022,,295.65
269,Sara Khan,30,Female,delhi,23/12/2023,79089.18,2873.42
270,Aditya Sharma,60.0,M,mumbai,26-08-2023,71166.89,573.37
271,Aarav Singh,18.0,MALE,Pune,11/22/2023,43930.72,7543.59
272,Nikhil Singh,49.0,M,Chennai,16-04-2024,39430.45,6114.64
273,Ishaan Patel,53.0,FEMALE,Mumbai,09-07-2022,79367.19,1712.83
274,Sara Gupta,43.0,,Chennai,18/01/2024,62715.42,982.89
275,Kabir Das,63.0,F,bangalore,2022-09-28,,6486.6
276,Arjun Singh,30,Male,Pune,19/05/2022,82016.09,2078.43
277,Ishaan Iyer,,F, Pune,10/13/2022,45104.71,3250.54
278,Aditya Verma,,FEMALE,Chennai,2022-07-29,58879.1,1258.78
279,Arjun Patel,58.0,MALE,MUMBAI,16-05-2022,65444.49,155.38
280,Meera Singh,,Male,Hyderabad,02/13/2024,39440.73,5361.9
281,Arjun Iyer,62.0,Female,Chennai,2023-08-04,56418.51,1110.68
282,Aarav Sharma,39.0,F,Hyderabad,09/19/2023,34351.7,2457.44
283,Rahul Khan,53.0,FEMALE,Delhi,21/09/2022,38609.68,8487.44
284,Aditya Singh,27.0,MALE,Bangalore,05/02/2024,58201.61,1086.58
285,Zara Patel,33.0,male,Bangalore,14-06-2022,31283.25,
286,Sara Singh,51.0,Female,mumbai,04/04/2024,109057.26,5951.98
287,Diya Nair,38.0,male,mumbai,16-06-2022,49184.71,2855.43
288,Aarav Gupta,41.0,M,Pune,01/04/2023,52740.69,3531.94
289,Simran Singh,46.0,Male,MUMBAI,12/08/2022,,2467.71
290,Priya Singh,25,female,Delhi,2022-07-22,24170.95,9975.52
291,Arjun Patel,55.0,M,Chennai,06/19/2022,34109.85,2061.92
292,Vihaan Iyer,40.0,Male,mumbai,05-01-2024,84591.32,1966.99
293,Zara Gupta,47.0,F,Delhi,07/03/2023,68263.24,
294,Vihaan Das,22.0,male,Pune,23-03-2023,23834.53,10941.5
295,Rohan Khan,63.0,F,Pune,06/02/2022,20555.19,137.1
296,Aditya Reddy,23.0,FEMALE,Pune,08/19/2022,57561.54,2799.5
297,Ananya Reddy,27,Female, Pune,20/10/2022,19018.04,1100.07
298,Sara Verma,33.0,MALE,Chennai,13/03/2023,27015.05,3582.66
299,Diya Reddy,60.0,Female,mumbai,12/05/2022,67779.2,185.48
300,Tara Reddy,20.0,Male, Pune,2024-01-24,93842.45,6144.33
301,Aarav Reddy,34.0,MALE,Hyderabad,27-02-2022,30102.91,3896.92
302,Zara Sharma,63.0,F,Mumbai,19-04-2022,55689.16,-2686.06
303,Nikhil Verma,33.0,FEMALE,Chennai,2023-03-20,47715.8,522.25
304,Neha Reddy,44.0,F,Hyderabad,01-02-2022,38218.72,6040.21
305,Ishaan Iyer,35.0,FEMALE,Chennai,2022-01-09,62968.44,1008.85
306,Kavya Khan,40.0,FEMALE,bangalore,15/07/2023,45756.86,948.81
307,Rahul Singh,32.0,M,Delhi,05/10/2022,334607.92,266.84
308,Kabir Sharma,34,Female,bangalore,21/04/2022,81882.53,1863.92
309,Vihaan Patel,29.0,FEMALE,Chennai,09-03-2024,58196.38,3109.84
310,Sara Das,53.0,FEMALE, Pune,09/29/2022,66291.95,202.6
311,Priya Das,25.0,male,Hyderabad,04-06-2024,64971.98,664.73
312,Vihaan Gupta,20.0,M,bangalore,17/03/2024,84283.03,7764.2
313,Tara Nair,41.0,Female,Chennai,2022-01-18,57005.28,442.95
314,Ananya Nair,20.0,FEMALE,delhi,30/12/2023,85011.61,4953.07
315,Vihaan Reddy,53.0,M,Mumbai,05-05-2023,59251.04,1901.67
316,Rahul Reddy,51.0,female,bangalore,12/14/2022,51422.69,432.4
317,Vihaan Singh,39.0,female,MUMBAI,06/22/2023,35109.33,597.97
318,Priya Verma,48.0,MALE,bangalore,28-07-2023,46096.54,2857.4
319,Vivaan Singh,55.0,FEMALE,Chennai,04-01-2024,17846.63,2839.67
320,Simran Singh,55,female, Pune,29/12/2022,21011.52,8155.09
321,Zara Gupta,44.0,FEMALE,delhi,07/04/2022,67460.35,2279.72
322,Tara Iyer,55.0,MALE,Hyderabad,07-05-2023,52935.11,1238.3
323,Tara Das,49,male,,18-06-2022,40652.16,5255.24
324,Rahul Patel,40,F,Bangalore,26-12-2023,65048.78,8623.07
325,Simran Reddy,28.0,FEMALE,Mumbai,2022-07-21,59844.27,4765.96
326,Priya Nair,,Female,Delhi,2024-05-24,51104.37,821.6
327,Aditya Reddy,44.0,M,Bangalore,03/20/2022,53741.07,2498.76
328,Vihaan Singh,25.0,F,bangalore,2022-10-31,39361.6,3269.74
329,Aditya Patel,37.0,,mumbai,09/26/2022,56383.01,9602.1
330,Arjun Verma,64.0,Female,Mumbai,18-05-2023,35454.1,4707.7
331,Tara Sharma,36.0,F,mumbai,2022-01-04,43529.18,2581.88
332,Arjun Reddy,49.0,Male,Mumbai,20/11/2023,49989.12,1081.22
333,Ananya Khan,47.0,F,delhi,2023-03-16,41293.14,3651.05
334,Rohan Verma,40,male,MUMBAI,2022-03-26,68900.52,1046.2
335,Sara Verma,29.0,F, Pune,09/05/2022,40991.33,3026.81
336,Ishaan Sharma,29.0,Male, Pune,04/17/2022,29699.84,914.47
337,Kavya Gupta,38.0,FEMALE,delhi,21/10/2022,74209.67,122.21
338,Ishaan Singh,57,male,delhi,04/23/2022,34606.65,1132.4
339,Aarav Reddy,59.0,Male,Mumbai,2023-10-06,61814.45,988.57
340,Priya Khan,45.0,female,Hyderabad,07/13/2022,,4515.19
341,Ishaan Reddy,63.0,FEMALE,Pune,12/28/2022,52600.73,1573.57
342,Diya Iyer,61.0,M,Delhi,23-01-2024,37735.1,956.51
343,Ananya Nair,59.0,FEMALE,Bangalore,16-05-2022,52684.62,4941.5
344,Meera Singh,35.0,female,delhi,12/02/2022,62028.8,358.2
345,Sara Verma,58.0,female,Delhi,21/12/2023,67337.94,
346,Kabir Verma,,MALE, Pune,15/07/2022,52750.53,11896.98
347,Tara Sharma,37.0,F,Chennai,02-07-2023,23918.23,1080.16
348,Arjun Patel,22.0,Female,MUMBAI,13-02-2022,28681.81,1154.36
349,Rahul Nair,39.0,male,Delhi,09-07-2023,55557.35,1358.75
350,Rohan Sharma,30.0,Male, Pune,03/08/2023,43333.69,884.93
351,Ananya Khan,57.0,Male,delhi,11/19/2022,43055.17,1005.83
352,Ishaan Iyer,55.0,FEMALE,delhi,10/28/2022,47458.68,1145.11
353,Tara Singh,34.0,female,bangalore,23/05/2023,78002.6,1190.77
354,Diya Gupta,48.0,Female,mumbai,21-09-2023,66576.8,249.46
355,Kabir Gupta,40.0,F, Pune,03/06/2024,80159.95,498.68
356,Arjun Sharma,20.0,M,Hyderabad,2022-08-22,31986.11,9124.47
357,Nikhil Iyer,57.0,MALE,MUMBAI,09/19/2023,43503.89,
358,Simran Khan,41,male,Hyderabad,18-02-2024,68968.23,3772.13
359,Sara Verma,33.0,Male,delhi,09/28/2023,68160.75,3781.83
360,Aditya Iyer,51.0,FEMALE, Pune,24-04-2023,79683.32,5501.15
361,Neha Verma,23.0,F,Mumbai,11-05-2022,49701.08,998.71
362,Ananya Iyer,31.0,Male,Hyderabad,12-08-2022,42998.11,10030.3
363,Rahul Das,47.0,male,mumbai,2023-12-16,45154.05,175.99
364,Arjun Iyer,53.0,female,Mumbai,13/07/2023,86985.0,6894.86
365,Ananya Patel,37.0,female,bangalore,07/20/2022,63037.01,2383.58
366,Meera Nair,53.0,male, Pune,2023-01-09,58641.19,7326.08
367,Sara Sharma,63.0,Female,Delhi,2024-05-21,41395.11,5011.66
368,Arjun Iyer,24.0,male,Pune,18/09/2022,41651.22,2590.32
369,Arjun Singh,39.0,F,mumbai,05/10/2023,35474.36,1923.19
370,Kabir Reddy,45,MALE,Pune,12/08/2022,37475.19,3554.35
371,Tara Sharma,43.0,M,Delhi,21-04-2024,21580.2,2828.47
372,Meera Nair,31.0,Female, Pune,2024-05-11,42649.75,2065.43
373,Vihaan Patel,40.0,MALE,Delhi,2024-03-01,85366.03,546.04
374,Rahul Singh,34,M,Delhi,07/06/2022,45433.7,1406.32
375,Tara Khan,38.0,MALE, Pune,06/25/2022,54230.97,1059.84
376,Aditya Gupta,42.0,female,Pune,15/08/2022,65208.84,2583.19
377,Vihaan Patel,18.0,male,MUMBAI,04/04/2023,,2204.3
378,Diya Patel,33.0,FEMALE, Pune,04/02/2024,59687.0,1606.22
379,Rahul Iyer,42.0,FEMALE,Chennai,19/05/2024,,25258.12
380,Aditya Iyer,54,Female,Chennai,03/04/2022,56123.95,7002.73
381,Arjun Singh,21.0,female,Mumbai,2024-05-12,61930.8,3468.27
382,Rahul Reddy,49.0,FEMALE,Pune,06-04-2024,20492.41,1185.43
383,Diya Reddy,60.0,F,Bangalore,2023-07-02,43842.54,3112.47
384,Ananya Das,62.0,male, Pune,07-10-2023,72936.7,111.05
385,Ishaan Singh,60.0,Female,mumbai,03/07/2023,37844.02,420.27
386,Kabir Sharma,38.0,F,Delhi,01/04/2022,44204.21,5898.67
387,Kabir Nair,21.0,FEMALE,bangalore,12/08/2023,33363.57,481.98
388,Rahul Singh,43.0,M,Bangalore,04/14/2024,61365.33,3458.79
389,Simran Das,49.0,Male,Hyderabad,2022-08-21,33020.46,3875.2
390,Neha Sharma,33.0,female,MUMBAI,17-05-2022,,3098.77
391,Aarav Patel,22.0,male,Hyderabad,07-05-2024,77557.37,3617.77
392,Vivaan Verma,,Male,Hyderabad,04/16/2023,52795.58,185.8
393,Diya Gupta,49.0,MALE,mumbai,14/04/2024,63977.69,1977.37
394,Kabir Singh,60.0,F, Pune,2024-04-05,79413.1,1828.06
395,Sara Patel,62.0,F,Pune,05-11-2022,57543.97,6471.65
396,Rahul Nair,20.0,Female,mumbai,03/08/2023,88993.81,-2632.5
397,Ananya Reddy,47.0,FEMALE,delhi,04/08/2023,59788.92,1273.34
398,Arjun Singh,44.0,female,mumbai,11/07/2022,17210.37,6263.45
399,Priya Patel,32.0,MALE,Hyderabad,07/01/2024,59634.38,725.42
400,Arjun Iyer,48.0,male,Chennai,14-05-2023,49804.95,428.99
401,Nikhil Sharma,33.0,female,Delhi,11-11-2022,58488.69,333.27
402,Neha Reddy,39.0,Male,mumbai,2023-11-01,67846.67,1254.88
403,Simran Verma,37.0,F,Mumbai,2023-01-20,75122.05,2269.35
404,Kavya Das,55.0,female,mumbai,02/08/2024,43659.1,787.72
405,Simran Nair,50.0,FEMALE,Chennai,2024-05-27,74713.66,1364.86
406,Aditya Sharma,,M,Bangalore,11/03/2022,58421.94,1378.64
407,Aditya Reddy,19.0,Male,Delhi,08-04-2022,89237.46,-2175.26
408,Tara Khan,49.0,male,mumbai,04/25/2023,60745.05,2551.45
409,Diya Singh,41.0,F,mumbai,05-09-2023,51096.34,3106.05
410,Tara Reddy,45.0,Male,,2023-10-19,39625.01,5975.68
411,Zara Iyer,59.0,MALE,MUMBAI,08/13/2023,84034.41,3163.53
412,Ananya Gupta,51.0,F,Delhi,2022-01-27,71796.03,5820.49
413,Ananya Khan,40.0,Male,Mumbai,2022-07-01,57002.16,6230.33
414,Ananya Nair,41.0,F,Pune,03/07/2022,81428.43,2358.56
415,Sara Sharma,41.0,F,Chennai,05/15/2022,77538.72,547.18
416,Ishaan Gupta,22.0,M,mumbai,26/07/2023,84957.48,3854.95
417,Ananya Sharma,42.0,F,Chennai,08/06/2022,48245.47,3109.79
418,Vivaan Patel,18.0,MALE,Mumbai,01/20/2022,64347.79,4547.86
419,Vivaan Sharma,57,F,delhi,03-02-2023,47053.34,76.03
420,Kavya Singh,31.0,male,bangalore,23-11-2023,39985.99,662.1
421,Rahul Gupta,31.0,FEMALE,Hyderabad,10/01/2023,33935.43,2394.88
422,Tara Nair,42.0,female,Delhi,03/31/2024,69321.02,3020.7
423,Meera Verma,35.0,MALE,Mumbai,06/23/2023,49998.11,474.29
424,Arjun Singh,31.0,MALE,Chennai,02/06/2023,36517.61,444.53
425,Aditya Iyer,23.0,MALE,mumbai,2023-07-02,238156.32,510.92
426,Rohan Iyer,28.0,female,bangalore,06/06/2023,61176.2,
427,Kabir Gupta,26.0,M,mumbai,19/11/2022,75267.07,389.59
428,Sara Verma,38.0,female,Mumbai,04/14/2023,57027.45,1427.74
429,Diya Reddy,31.0,MALE,delhi,05/19/2023,92842.64,2061.92
430,Rohan Iyer,19.0,female,Bangalore,27/04/2022,67122.06,3065.54
431,Rahul Singh,56.0,F,Chennai,22-04-2024,43480.78,3035.43
432,Simran Verma,48.0,M,Delhi,09/04/2024,36042.14,1835.54
433,Ananya Khan,60.0,, Pune,2022-06-25,37703.32,3957.81
434,Ananya Iyer,56,FEMALE,Bangalore,2022-01-21,91250.27,797.75
435,Simran Khan,54.0,MALE,MUMBAI,2022-01-29,50066.73,15.85
436,Ishaan Iyer,58.0,M,bangalore,2024-06-13,69666.78,14281.86
437,Zara Das,48.0,female,,06/05/2023,55175.6,7116.67
438,Ananya Gupta,48,F,Chennai,14/11/2023,33170.37,523.76
439,Diya Gupta,21.0,female,bangalore,18/02/2023,74243.37,7121.52
440,Nikhil Reddy,41.0,male,delhi,31/01/2023,27137.31,872.96
441,Aarav Reddy,44,FEMALE,mumbai,10-07-2023,44886.02,1861.67
442,Sara Das,50.0,,mumbai,2022-08-23,61237.03,87.43
443,Aditya Sharma,30.0,FEMALE, Pune,2022-03-12,81038.11,393.29
444,Neha Iyer,42.0,Male,Delhi,01/14/2022,49936.36,627.94
445,Ishaan Iyer,,FEMALE, Pune,28/05/2022,71478.84,12352.97
446,Zara Iyer,42.0,female,Chennai,2023-09-26,26453.22,3481.34
447,Zara Nair,,FEMALE,Hyderabad,07/03/2023,85333.57,
448,Tara Khan,61.0,MALE,Mumbai,16/10/2023,24437.08,8930.93
449,Diya Nair,21.0,male,MUMBAI,2024-05-30,43685.11,990.23
450,Neha Khan,26.0,Male,delhi,2022-01-13,58286.45,6555.16
451,Rohan Gupta,25.0,FEMALE,Hyderabad,28-12-2023,53484.23,1446.95
452,Zara Khan,38.0,M,Mumbai,30/03/2024,86519.99,1749.72
453,Ananya Verma,27.0,male,Mumbai,09/01/2022,46872.1,152.7
454,Arjun Reddy,39.0,F,Mumbai,24-02-2024,29504.16,786.99
455,Arjun Reddy,45.0,FEMALE,Chennai,2022-10-01,62294.61,497.33
456,Diya Singh,19.0,F,mumbai,2024-06-02,43477.1,5462.61
457,Nikhil Singh,54.0,male,mumbai,04-07-2023,42735.15,646.91
458,Vihaan Sharma,53.0,female,Mumbai,2023-08-24,21712.89,6777.53
459,Sara Patel,18.0,MALE,Chennai,05/08/2022,85736.55,1396.85
460,Kabir Singh,39.0,Male,mumbai,2023-03-05,43935.0,1899.32
461,Vivaan Sharma,62.0,Male,Mumbai,05/29/2024,60578.51,6575.28
462,Priya Patel,,MALE,Bangalore,2022-02-07,43099.73,4688.05
463,Diya Iyer,47.0,Male,Mumbai,2023-04-24,66016.16,196.29
464,Kabir Khan,54.0,M,,2023-11-19,49946.57,1792.93
465,Nikhil Singh,56.0,Female,MUMBAI,08/15/2022,51167.29,674.07
466,Zara Singh,51.0,M,bangalore,2022-09-19,45129.85,3852.2
467,Aarav Nair,53.0,MALE,Bangalore,10/29/2023,65783.65,611.64
468,Tara Iyer,45.0,Female,MUMBAI,2022-09-18,85062.5,3387.37
469,Ishaan Iyer,25.0,M,Mumbai,28/07/2022,86361.16,5162.17
470,Rohan Khan,22.0,MALE,MUMBAI,10/04/2023,42635.91,3890.8
471,Ishaan Reddy,42.0,F,Bangalore,21-10-2022,72377.04,2728.91
472,Sara Reddy,51.0,Female,mumbai,25/09/2022,42181.59,3410.48
473,Ananya Singh,26,Male,Mumbai,25/01/2023,74335.79,3903.18
474,Aarav Iyer,41.0,F,bangalore,05/02/2022,81459.73,18714.18
475,Zara Nair,59.0,male,Bangalore,04/05/2023,74641.87,2342.95
476,Sara Das,,Female,Hyderabad,03/04/2023,65042.13,2514.58
477,Priya Das,60.0,F,Pune,03/31/2023,,1970.95
478,Rohan Iyer,47.0,male, Pune,27-02-2024,56310.94,1706.01
479,Tara Reddy,64.0,female, Pune,2022-03-31,35118.87,169.68
480,Meera Gupta,36.0,FEMALE,Bangalore,17/02/2022,59825.67,5888.68
481,Meera Patel,49.0,M,Chennai,2024-03-23,72446.64,4084.16
482,Aditya Reddy,58.0,Male,Delhi,05/29/2024,39775.86,1823.64
483,Kabir Khan,54.0,M,Mumbai,07/06/2024,21816.45,626.51
484,Zara Reddy,52,M,delhi,17/12/2022,55795.28,3815.87
485,Priya Khan,35.0,FEMALE,Bangalore,14/03/2022,65738.76,1613.03
486,Simran Nair,38.0,FEMALE,,22/09/2023,60058.3,1168.11
487,Nikhil Reddy,39,Female,mumbai,23/04/2024,66938.43,277.63
488,Kavya Nair,49.0,female, Pune,21/08/2022,46911.22,564.66
489,Tara Khan,35.0,male,Chennai,2022-03-14,71362.3,4208.77
490,Meera Patel,49.0,FEMALE, Pune,01/23/2022,65068.71,893.07
491,Simran Nair,62.0,male, Pune,2023-08-07,54891.19,1218.11
492,Rahul Das,,F,MUMBAI,09-11-2022,70043.22,2465.92
493,Zara Nair,36.0,F,mumbai,2024-06-15,46754.21,1095.54
494,Ishaan Verma,23.0,female, Pune,2024-05-02,59832.26,208.46
495,Vivaan Singh,28.0,F,Mumbai,2023-02-26,43290.08,168.54
496,Vivaan Khan,47.0,FEMALE,,04/28/2022,,2715.14
497,Kabir Sharma,60.0,Female, Pune,02/23/2023,69560.02,745.37
498,Ishaan Patel,40.0,male,bangalore,25-10-2023,24310.32,2550.69
499,Simran Singh,24.0,M,mumbai,23-02-2024,41904.25,387.41
500,Sara Khan,32.0,,Mumbai,05/20/2022,66332.37,2906.26
16,Rohan Singh,39.0,female,Pune,28-11-2022,22995.77,1921.98
460,Kabir Singh,39.0,Male,mumbai,2023-03-05,43935.0,1899.32
206,Rohan Nair,40.0,female,Pune,2022-03-23,12000.0,5017.75
446,Zara Iyer,42.0,female,Chennai,2023-09-26,26453.22,3481.34
134,Sara Nair,34.0,M,Bangalore,06/25/2022,46254.02,726.3
418,Vivaan Patel,18.0,MALE,Mumbai,01/20/2022,64347.79,4547.86
445,Ishaan Iyer,,FEMALE, Pune,28/05/2022,71478.84,12352.97
461,Vivaan Sharma,62,Male,Mumbai,05/29/2024,60578.51,6575.28
166,Simran Sharma,52.0,FEMALE, Pune,26-12-2022,68968.61,
212,Vihaan Das,50.0,Female,delhi,2022-10-07,63548.05,13179.63
259,Rahul Singh,27.0,MALE,Pune,07/13/2022,69934.29,2274.54
350,Rohan Sharma,30.0,Male, Pune,03/08/2023,43333.69,884.93
233,Aarav Reddy,51.0,female,bangalore,01/18/2023,35718.1,2819.77
218,Vihaan Nair,56.0,MALE,Hyderabad,05/03/2022,45363.44,280.93
455,Arjun Reddy,45.0,FEMALE,Chennai,2022-10-01,62294.61,497.33
33,Kabir Iyer,55.0,MALE,mumbai,25/03/2024,44470.24,848.66
163,Vihaan Das,28,Female,bangalore,2023-04-01,38087.02,3161.06
387,Kabir Nair,21.0,FEMALE,bangalore,12/08/2023,33363.57,481.98
357,Nikhil Iyer,57,MALE,MUMBAI,09/19/2023,43503.89,
214,Arjun Nair,37.0,Male,Delhi,24-04-2024,57465.05,5491.86
