fixed_acidity,volatile_acidity,citric_acid,residual_sugar,chlorides,free_sulfur_dioxide,total_sulfur_dioxide,density,pH,sulphates,alcohol,quality
7.54,0.464,0.283,4.36,0.079,32.4,100.1,0.9946,3.43,0.431,8.55,4
7.97,0.419,0.505,10.81,0.062,48.7,84.1,0.99922,3.53,0.955,10.38,5
8.25,0.609,0.174,4.6,0.085,24.1,61.3,0.99311,3.61,0.39,8.33,4
5.98,0.699,0.307,0.56,0.01,43.3,74.6,0.99207,3.23,0.913,10.82,6
6.51,0.585,0.135,0.9,0.064,12.9,36.6,0.9991,3.41,0.716,10.81,6
5.92,0.432,0.0,1.06,0.126,22.9,58.5,0.999,3.0,0.784,10.04,5
6.11,0.609,0.53,0.77,0.092,38.3,68.5,0.99399,3.6,0.716,10.5,5
8.21,0.578,0.0,2.46,0.06,54.1,95.1,0.99633,3.09,0.412,10.91,5
7.48,0.282,0.227,0.61,0.101,21.3,104.7,0.99683,3.51,0.631,11.58,6
9.61,0.332,0.0,0.5,0.02,41.6,103.6,0.99653,3.46,0.643,10.07,5
9.33,0.1,0.405,0.5,0.106,19.5,58.3,0.99622,3.29,0.672,12.49,8
7.87,0.548,0.092,1.37,0.082,12.6,79.5,0.99232,3.36,0.612,9.07,5
7.35,0.424,0.403,1.59,0.127,32.7,65.7,0.998,3.54,0.803,12.5,7
6.41,0.624,0.523,1.04,0.019,31.8,58.4,0.9978,3.16,0.717,8.1,4
7.12,0.701,0.137,1.64,0.127,64.6,148.0,0.99397,3.28,0.806,9.93,4
10.12,0.745,0.16,3.43,0.015,30.7,106.1,0.99569,3.12,0.551,12.14,6
7.16,0.522,0.596,2.24,0.044,28.7,117.4,0.99706,3.6,0.596,10.81,6
6.42,0.402,0.032,2.97,0.143,16.5,60.1,0.9977,3.11,0.95,11.34,6
7.01,0.812,0.622,1.79,0.054,66.9,141.7,0.99614,3.24,0.944,11.57,6
7.01,0.795,0.174,0.51,0.064,56.9,110.0,0.99643,3.19,0.556,11.37,6
8.55,0.671,0.248,4.38,0.089,30.3,71.7,0.99735,3.58,0.762,8.84,4
8.19,0.359,0.384,2.3,0.084,33.6,83.5,0.99755,3.22,0.624,9.31,5
7.78,0.417,0.327,1.17,0.083,57.8,111.6,0.99446,3.27,0.52,10.3,5
7.8,0.5,0.292,3.18,0.077,35.4,116.8,0.99588,3.25,0.582,10.85,5
10.19,0.457,0.195,4.07,0.03,32.7,51.7,0.99659,3.44,0.569,10.86,6
7.3,0.405,0.397,0.5,0.054,42.3,92.8,0.99658,3.49,0.802,10.27,6
5.52,0.267,0.228,0.6,0.085,11.7,66.5,0.99409,3.33,0.599,10.06,5
8.95,0.487,0.114,1.8,0.014,52.6,121.7,0.9991,3.3,0.702,12.24,6
7.89,0.466,0.468,0.74,0.137,18.2,52.2,0.99755,3.25,0.792,10.76,5
10.02,0.243,0.522,1.67,0.086,4.2,59.1,0.9983,3.2,0.761,11.03,6
8.06,0.343,0.481,1.33,0.036,17.4,108.7,0.99602,3.21,0.782,10.25,5
6.92,0.276,0.315,1.39,0.037,20.5,80.2,0.99422,3.5,0.502,9.89,5
8.7,0.58,0.364,1.05,0.08,9.5,52.2,0.99579,3.52,0.695,10.98,5
6.72,0.693,0.432,0.5,0.033,48.4,70.9,0.99474,2.89,0.787,11.72,6
6.44,0.65,0.243,0.5,0.076,16.0,52.7,0.99355,3.18,0.589,11.95,6
4.59,0.673,0.38,0.5,0.025,23.3,82.8,0.99726,3.34,0.838,11.04,6
7.23,0.299,0.119,6.03,0.072,23.0,72.8,0.99811,3.41,0.55,8.87,5
8.07,0.715,0.405,1.94,0.103,50.8,103.5,0.99672,3.28,0.823,11.45,6
6.85,0.657,0.357,0.73,0.102,25.6,135.4,0.99459,3.41,0.777,8.61,4
6.97,0.332,0.358,1.44,0.053,46.4,120.8,0.99723,3.28,0.502,9.11,5
3.96,0.55,0.079,0.5,0.096,21.1,53.1,0.99791,3.44,0.503,9.73,5
5.98,1.004,0.487,1.43,0.074,57.4,68.7,0.99639,3.25,0.538,9.54,4
8.25,0.209,0.003,6.75,0.079,15.1,93.4,0.99526,3.42,0.402,11.58,7
8.5,0.407,0.281,1.92,0.123,1.0,34.4,0.99468,3.16,0.59,11.03,5
6.75,0.294,0.36,2.4,0.11,37.4,79.7,0.99502,3.42,0.955,11.25,6
7.58,0.312,0.337,3.27,0.032,18.9,70.2,0.99807,3.24,0.578,9.67,5
7.05,0.579,0.109,2.8,0.118,49.2,61.1,0.99826,3.14,0.856,10.68,5
6.53,0.61,0.608,0.5,0.092,27.1,63.2,0.99393,3.17,0.585,12.02,6
7.79,0.566,0.055,2.07,0.09,42.4,117.5,0.9931,3.22,0.719,9.04,4
8.06,0.494,0.543,2.08,0.124,13.7,147.9,0.99899,3.02,0.728,9.87,5
7.93,0.484,0.0,1.68,0.081,54.0,104.3,0.99569,3.47,0.708,9.82,5
6.45,0.652,0.065,5.47,0.038,36.8,90.2,0.99473,3.36,0.907,9.29,4
9.54,0.441,0.274,1.79,0.057,16.2,58.9,0.99799,3.38,0.759,10.74,6
8.81,0.486,0.132,6.05,0.07,29.0,132.9,0.99643,3.32,0.909,11.37,6
8.52,0.561,0.396,2.8,0.056,18.7,128.0,0.99569,3.27,0.731,10.83,6
8.07,0.473,0.407,2.86,0.071,45.3,80.8,0.99902,3.38,0.643,10.67,5
6.47,0.575,0.452,4.04,0.083,24.2,92.1,0.99777,3.2,0.711,12.36,6
6.91,0.579,0.198,3.17,0.066,28.2,119.4,0.996,3.58,0.526,9.63,4
8.26,0.125,0.415,5.27,0.128,24.9,68.7,0.99673,3.33,0.61,10.4,6
7.24,0.744,0.595,3.78,0.091,22.3,45.3,0.99684,3.38,0.711,12.06,6
6.96,0.868,0.493,3.03,0.066,1.9,59.8,0.99626,3.32,0.709,11.31,5
6.81,0.477,0.07,4.1,0.099,39.4,107.3,0.9981,3.46,0.757,8.6,4
7.15,0.469,0.547,0.5,0.077,26.3,99.3,0.9993,3.22,0.682,13.41,8
7.56,0.619,0.455,1.58,0.089,18.7,82.3,0.99379,3.29,0.874,11.69,6
6.96,0.246,0.202,0.5,0.141,18.4,93.1,0.99957,3.29,0.678,11.38,6
7.2,0.604,0.42,5.98,0.112,40.1,105.7,0.99541,3.2,0.966,9.51,5
7.11,0.441,0.154,2.42,0.09,30.1,116.3,0.99901,3.37,0.608,9.68,5
7.64,0.628,0.461,3.66,0.103,24.6,83.2,0.99755,3.32,0.602,11.99,6
6.99,0.1,0.34,0.5,0.072,24.1,71.8,0.99641,3.22,0.669,10.86,6
8.07,0.303,0.092,0.5,0.072,33.5,110.9,0.99466,3.08,0.451,10.57,5
9.11,0.564,0.0,1.04,0.139,49.4,91.7,0.99321,3.33,0.878,11.54,6
7.46,0.515,0.323,1.64,0.12,37.9,97.4,0.99433,3.12,0.467,8.76,4
7.18,0.62,0.349,0.5,0.078,37.7,96.8,0.99819,3.09,0.769,11.13,5
7.44,0.699,0.145,1.04,0.054,50.2,108.0,0.99979,3.24,0.414,10.23,6
7.63,0.308,0.031,1.11,0.111,14.0,133.3,0.99886,3.04,0.614,11.86,7
6.49,0.5,0.318,2.33,0.06,12.1,60.4,0.99804,3.46,0.766,10.37,5
6.12,0.371,0.605,3.93,0.035,18.6,103.9,0.99628,3.62,0.857,9.81,5
7.97,0.594,0.189,0.5,0.072,42.6,110.1,0.9983,3.3,0.439,9.48,4
7.81,0.534,0.105,0.5,0.073,16.9,80.0,0.99639,3.27,0.79,11.2,6
6.56,0.534,0.121,0.75,0.069,41.0,132.6,0.99658,3.21,0.808,8.51,4
6.07,0.43,0.359,0.5,0.098,19.6,105.5,0.99577,3.23,0.643,12.47,6
6.65,0.492,0.513,1.19,0.102,39.0,98.0,0.99526,3.4,0.835,10.43,5
8.17,0.438,0.33,0.5,0.12,40.6,81.3,0.9999,3.46,0.719,10.99,6
6.47,0.295,0.146,3.15,0.027,32.1,74.8,0.99334,3.11,0.547,8.37,3
6.46,0.187,0.42,2.81,0.075,26.4,98.0,0.99546,3.21,0.875,9.41,5
6.88,0.809,0.148,0.5,0.11,50.1,144.5,0.99373,3.27,0.401,14.41,7
7.21,0.49,0.381,2.01,0.105,47.5,150.0,0.99552,3.43,0.65,10.65,6
6.67,0.284,0.253,1.58,0.02,27.3,95.3,0.99495,3.23,0.773,11.13,6
7.48,0.541,0.396,6.31,0.01,9.1,94.1,0.99393,3.3,0.778,8.7,4
7.85,0.477,0.306,4.72,0.107,27.7,117.0,0.99954,3.49,0.879,8.09,4
6.6,0.669,0.431,3.05,0.093,60.5,109.0,0.99678,3.48,0.774,9.51,5
7.27,0.416,0.416,2.57,0.084,25.6,92.6,0.99659,3.14,0.311,11.7,6
6.85,0.394,0.275,0.87,0.128,47.3,64.4,0.9961,3.37,0.843,11.73,7
7.42,0.424,0.085,0.79,0.16,34.4,99.1,0.99399,3.28,0.722,9.36,5
7.01,0.643,0.167,2.34,0.088,50.2,60.2,0.99917,3.22,0.828,9.81,5
7.45,0.537,0.066,5.42,0.098,30.8,78.7,0.99906,3.24,0.795,10.51,6
6.34,0.724,0.542,3.14,0.088,39.9,118.5,0.99959,3.38,0.826,8.0,4
5.92,0.547,0.143,3.5,0.061,49.1,77.2,0.99418,3.05,0.684,10.73,5
8.32,0.604,0.119,5.02,0.074,54.6,118.9,0.99493,3.22,0.752,11.5,6
8.57,0.701,0.006,4.06,0.126,46.1,116.2,0.99964,3.06,0.529,11.65,6
9.41,0.68,0.437,6.41,0.055,37.7,77.1,1.00005,3.51,0.483,10.71,5
5.63,0.452,0.186,0.56,0.075,27.1,97.6,0.99784,3.26,0.751,9.92,5
6.7,0.724,0.302,1.63,0.033,1.0,60.7,0.9967,3.33,0.895,10.72,6
6.94,0.449,0.396,4.36,0.093,20.3,76.5,0.998,3.16,0.521,10.01,5
7.94,0.685,0.294,0.5,0.061,1.0,86.7,0.99831,3.45,0.675,9.03,4
7.98,0.535,0.246,2.38,0.079,13.0,105.4,0.99536,3.36,0.673,9.87,5
7.46,0.629,0.055,1.16,0.026,14.6,47.2,0.99677,3.37,0.551,10.01,6
8.56,0.869,0.441,0.5,0.064,3.7,86.3,0.99312,3.32,0.545,13.4,7
6.1,0.513,0.102,0.96,0.116,21.4,60.3,0.99788,3.14,0.806,9.67,4
6.68,0.459,0.292,3.34,0.085,20.9,82.7,0.99666,3.22,0.705,10.51,6
8.47,0.821,0.326,3.4,0.04,46.3,103.9,0.99722,3.3,0.67,10.21,5
7.33,0.559,0.558,1.42,0.09,38.7,63.3,0.99341,3.3,0.786,9.4,5
6.25,0.579,0.304,1.03,0.084,36.2,96.3,0.99771,3.27,0.483,10.92,5
6.56,0.483,0.445,1.71,0.048,51.0,83.3,0.9974,3.33,0.926,8.84,4
7.29,0.48,0.087,0.98,0.088,46.0,114.6,0.99561,3.26,0.623,9.77,4
7.33,0.737,0.283,4.17,0.061,11.9,73.9,0.99956,3.19,0.651,10.57,5
7.27,0.625,0.316,1.28,0.044,12.0,59.4,0.99524,3.35,0.539,10.89,6
7.22,0.494,0.214,5.83,0.131,27.8,109.5,0.996,3.19,0.693,11.78,6
7.19,0.716,0.062,2.14,0.084,37.7,119.0,0.99599,3.27,0.495,11.58,6
7.05,0.492,0.169,1.84,0.028,33.0,117.8,0.99304,3.39,0.622,8.32,4
5.72,0.421,0.148,1.38,0.102,36.6,116.9,0.99618,2.96,0.562,12.77,7
7.44,0.228,0.366,0.5,0.04,39.8,122.2,0.99736,3.29,0.301,10.07,6
9.01,0.505,0.021,1.13,0.073,37.2,72.0,0.99943,2.99,0.665,15.0,8
5.01,0.436,0.148,1.25,0.097,43.9,130.4,0.99991,3.35,0.765,12.67,7
9.54,0.213,0.387,0.5,0.043,1.0,50.5,0.99796,3.15,0.912,9.59,5
8.52,0.37,0.015,0.5,0.107,27.6,69.5,0.99748,3.21,0.408,10.28,6
8.39,0.347,0.243,0.68,0.078,35.3,83.5,0.99507,3.33,0.6,11.03,6
7.12,0.511,0.343,9.02,0.1,45.3,122.9,0.99649,3.19,0.597,13.13,7
6.32,0.758,0.214,0.5,0.06,23.8,103.5,0.99498,3.41,0.723,11.25,6
7.48,0.392,0.377,2.5,0.059,1.0,85.9,0.99586,3.35,0.644,9.9,5
7.95,0.377,0.284,2.27,0.171,27.3,74.0,0.99795,3.3,0.812,10.69,6
5.77,0.487,0.142,1.22,0.094,41.7,99.0,0.99818,3.21,0.41,10.37,5
6.69,0.332,0.362,1.25,0.055,4.3,64.2,0.99347,3.55,0.554,10.48,5
8.38,0.48,0.57,0.8,0.069,11.4,92.5,0.99648,3.12,0.675,11.33,7
7.0,0.516,0.339,1.04,0.09,33.8,106.2,0.99935,3.64,0.448,11.7,7
8.41,0.843,0.387,0.5,0.118,19.2,75.1,0.99689,3.2,0.535,11.21,5
7.41,0.474,0.074,0.56,0.085,60.8,94.1,0.99297,3.42,0.532,9.11,5
5.24,0.445,0.272,3.18,0.02,53.6,126.4,0.99565,3.31,0.643,9.48,5
6.36,0.554,0.264,3.55,0.096,29.4,63.1,0.99865,3.34,0.616,10.3,5
7.86,0.164,0.456,6.83,0.06,25.9,78.7,0.99612,3.08,0.57,10.58,5
6.79,0.573,0.182,4.87,0.12,19.9,113.2,0.99921,3.16,0.888,9.73,5
5.58,0.532,0.204,0.8,0.087,56.7,89.0,0.99715,3.34,0.681,11.43,6
8.43,0.176,0.262,0.5,0.144,15.4,88.1,0.99667,3.37,0.659,9.76,5
8.2,0.495,0.31,4.35,0.085,56.9,140.8,0.99787,3.1,0.856,9.76,5
5.42,0.567,0.564,2.73,0.171,24.2,99.2,0.99288,3.58,0.747,9.43,4
6.58,0.481,0.116,1.33,0.07,22.9,34.4,0.99525,3.35,0.551,10.7,6
6.19,0.186,0.113,4.18,0.065,1.0,87.6,0.99574,3.2,0.668,9.4,5
6.79,0.614,0.531,8.23,0.141,8.6,74.9,0.99714,3.2,0.648,11.15,6
9.69,0.549,0.344,4.21,0.085,1.0,114.7,0.99778,3.39,0.895,10.67,5
7.11,0.6,0.361,2.87,0.053,17.4,82.2,0.99712,3.12,0.838,11.11,6
8.7,0.386,0.214,0.5,0.133,32.0,92.5,0.99789,3.37,0.804,10.3,5
6.02,0.633,0.131,1.21,0.079,48.2,146.6,0.99673,3.15,0.453,10.01,4
8.46,0.543,0.244,1.19,0.104,22.4,89.5,0.99727,3.31,0.742,9.54,6
8.48,0.349,0.024,0.5,0.126,65.0,115.5,0.99966,3.12,0.499,10.96,6
6.94,0.496,0.351,2.46,0.08,31.1,71.7,0.99694,3.54,0.774,11.74,7
6.41,0.211,0.406,4.48,0.09,27.1,77.5,0.9971,3.39,0.713,12.35,6
6.59,0.709,0.235,1.44,0.117,45.5,92.4,0.99534,3.27,0.756,10.5,5
7.69,0.541,0.296,0.56,0.146,38.5,56.8,0.99839,3.11,0.792,9.0,4
5.07,0.315,0.26,2.35,0.087,23.5,62.5,0.99664,3.28,0.521,9.26,5
8.76,0.515,0.233,1.01,0.108,16.4,57.9,0.99862,3.31,0.767,11.4,6
8.57,0.262,0.247,0.5,0.089,49.9,83.9,0.99961,3.29,0.758,10.74,5
7.56,0.53,0.102,1.44,0.076,29.7,98.4,0.99623,3.3,0.589,9.24,4
8.13,0.389,0.263,1.42,0.034,36.3,91.0,0.99543,3.12,0.853,11.34,6
8.08,0.819,0.174,2.79,0.052,52.5,132.6,0.99552,3.28,0.689,13.24,6
6.43,0.467,0.319,1.65,0.084,12.3,78.0,0.99765,3.22,0.739,8.62,4
6.47,0.415,0.237,3.47,0.09,51.9,87.7,0.99612,3.32,0.565,11.03,6
8.0,0.275,0.344,11.23,0.11,4.3,52.3,0.99552,3.43,0.593,10.25,5
6.69,0.56,0.209,4.42,0.096,26.4,96.2,0.99807,3.21,0.441,10.09,5
7.43,0.644,0.237,2.54,0.109,49.1,165.9,0.99626,3.28,0.847,9.38,4
5.84,0.649,0.424,0.5,0.083,11.9,89.0,0.99887,3.28,0.58,8.0,4
6.4,0.586,0.453,0.5,0.022,41.5,66.9,0.99708,3.68,0.438,8.56,4
7.46,0.251,0.121,0.5,0.073,18.1,99.7,0.99724,3.27,0.476,10.33,5
6.66,0.518,0.647,5.88,0.105,40.3,137.9,0.99615,3.47,0.672,8.89,5
9.86,0.521,0.241,1.28,0.108,48.3,124.0,0.99656,3.23,1.048,8.85,4
8.16,0.441,0.483,1.14,0.058,38.0,69.0,0.99537,3.31,0.853,13.47,8
6.16,0.714,0.127,5.38,0.081,17.2,56.6,0.99517,3.2,0.589,9.19,4
6.8,0.805,0.435,0.5,0.093,38.1,68.1,0.99451,3.4,0.718,12.83,7
5.46,0.625,0.272,2.39,0.038,30.4,121.5,0.99716,3.35,0.89,9.19,5
8.55,0.182,0.116,0.86,0.033,20.3,69.9,0.99528,3.48,0.448,9.57,5
6.28,0.653,0.462,9.22,0.111,17.9,62.2,0.9949,3.32,0.747,10.47,5
7.36,0.77,0.238,0.5,0.085,52.0,111.2,0.9954,2.97,0.5,11.92,6
7.28,0.437,0.474,1.06,0.079,15.2,87.8,0.99813,3.45,0.615,11.22,6
8.69,0.595,0.406,0.57,0.081,24.0,86.7,0.99698,3.25,0.797,10.27,6
8.0,0.728,0.167,1.36,0.064,24.1,114.3,0.99812,3.38,0.674,11.3,6
6.76,0.1,0.313,1.49,0.104,14.0,109.2,0.99622,3.4,0.918,12.59,7
7.01,0.238,0.175,7.47,0.086,9.2,97.7,0.99552,3.12,0.434,10.81,6
7.59,0.309,0.363,0.5,0.071,19.2,61.0,0.99244,3.2,0.889,11.08,6
6.84,0.675,0.067,0.5,0.115,47.1,136.5,0.99985,3.36,0.602,8.56,4
7.18,0.348,0.466,1.32,0.106,30.4,124.7,0.99359,3.36,0.512,9.51,5
6.05,0.565,0.156,1.03,0.075,43.8,106.2,0.99876,3.16,0.692,11.17,6
7.26,0.436,0.122,1.18,0.087,68.2,108.4,0.99614,3.27,0.493,12.58,7
6.4,0.694,0.192,1.83,0.078,46.1,136.8,0.99634,3.37,0.354,8.28,4
7.63,0.358,0.337,2.01,0.089,30.1,85.2,0.99873,3.21,0.689,10.8,5
6.96,0.404,0.46,2.71,0.124,32.4,100.2,0.99595,3.16,0.691,11.27,6
6.39,0.436,0.515,3.63,0.083,35.6,113.6,0.99766,3.39,0.825,11.85,6
8.02,0.44,0.412,4.82,0.063,47.0,92.8,0.99734,3.09,0.553,8.72,4
7.32,0.739,0.458,0.78,0.069,16.0,64.9,0.99522,3.33,0.764,9.33,5
6.14,0.518,0.131,4.28,0.09,25.2,80.7,0.99786,3.64,0.631,11.13,6
6.4,0.224,0.414,1.14,0.052,37.2,61.6,0.996,3.33,0.623,9.03,5
6.16,0.415,0.459,3.83,0.118,15.8,93.7,0.99642,3.24,0.627,10.43,5
5.86,0.698,0.275,1.98,0.026,39.3,81.9,0.99714,3.4,0.507,10.42,6
8.75,0.937,0.192,1.26,0.057,15.4,89.4,0.99722,3.26,0.867,11.06,5
6.65,0.787,0.08,5.29,0.046,49.9,78.5,0.99531,3.33,0.751,10.02,5
7.71,0.266,0.169,3.5,0.044,30.4,94.9,0.99591,3.31,0.595,11.18,6
7.42,0.42,0.093,2.55,0.036,38.6,129.0,0.99508,3.52,0.79,10.6,5
7.05,0.642,0.028,0.5,0.019,22.9,109.5,0.99774,3.2,0.556,11.72,6
8.63,0.336,0.262,0.91,0.081,35.1,102.4,0.99786,3.27,0.845,10.53,5
4.51,0.558,0.314,0.74,0.104,27.3,82.0,0.99403,3.34,0.445,9.56,5
6.31,0.455,0.263,0.6,0.053,19.2,31.3,0.99588,3.06,0.477,10.91,6
9.03,0.1,0.312,5.68,0.066,27.9,69.4,0.99621,3.44,0.58,10.66,6
5.51,0.585,0.319,1.05,0.067,38.1,94.2,0.99637,3.32,0.91,10.32,5
7.4,0.749,0.393,5.89,0.076,19.3,81.2,0.99867,3.32,0.565,12.35,6
8.34,0.6,0.069,2.4,0.067,40.7,94.7,0.99393,3.24,0.657,10.52,5
7.42,0.39,0.204,6.23,0.06,5.1,82.4,0.99625,3.33,0.889,10.04,5
6.46,0.408,0.292,1.0,0.103,51.5,107.9,0.99803,3.23,0.623,9.52,4
7.17,0.766,0.4,4.82,0.059,25.4,122.1,0.99785,3.15,0.551,8.01,3
7.58,0.437,0.385,1.02,0.066,36.6,83.5,0.99918,3.22,0.775,10.1,6
5.79,0.664,0.285,3.87,0.078,29.2,81.5,0.99281,3.24,0.621,10.23,4
8.17,0.6,0.345,4.38,0.103,38.9,89.9,0.99412,3.25,0.732,11.17,6
6.38,0.393,0.114,2.04,0.059,25.8,132.8,0.99547,3.22,0.558,10.27,5
7.36,0.705,0.442,0.5,0.067,24.6,45.3,1.00143,3.56,0.428,9.16,4
6.97,0.446,0.489,1.75,0.114,31.4,128.4,0.99543,3.38,0.538,10.85,5
6.27,0.616,0.301,0.71,0.027,48.4,97.8,0.99528,3.39,0.778,10.26,5
6.08,0.745,0.189,0.5,0.035,25.4,72.7,0.9958,3.44,0.751,10.09,5
9.68,0.567,0.276,2.15,0.032,44.2,123.8,0.99859,3.44,0.825,12.09,6
5.21,0.446,0.283,0.5,0.102,26.8,57.6,0.99486,3.49,0.546,11.08,6
6.58,0.367,0.26,3.32,0.105,42.5,108.8,0.99596,3.24,0.78,11.19,6
8.79,0.766,0.283,0.54,0.078,58.2,108.1,0.99762,3.32,0.431,9.81,4
5.76,0.191,0.223,3.15,0.097,27.4,74.5,0.99518,3.57,0.592,9.07,5
6.29,0.333,0.251,5.88,0.095,47.2,129.2,0.99885,3.46,0.713,10.05,5
8.64,0.576,0.351,1.32,0.111,18.7,95.2,0.99224,3.15,0.881,10.02,5
7.68,0.594,0.0,1.12,0.068,21.4,76.1,0.99964,3.48,0.59,10.44,5
8.98,0.674,0.207,0.5,0.068,23.0,79.5,0.99648,3.27,0.63,11.46,6
7.11,0.584,0.355,2.69,0.111,32.6,126.8,0.99631,3.5,0.681,11.41,5
6.34,0.201,0.073,0.99,0.107,29.2,144.1,0.99836,3.47,0.761,11.06,6
6.05,0.594,0.293,2.36,0.103,16.2,120.9,0.99703,3.4,0.495,11.25,5
7.44,0.651,0.318,4.06,0.058,37.1,53.7,1.00057,3.11,0.58,9.32,5
7.2,0.609,0.277,1.39,0.098,29.2,97.1,0.99501,3.26,0.653,11.99,6
8.67,0.54,0.456,5.85,0.087,22.9,104.7,0.99521,3.12,0.893,10.54,5
7.42,0.466,0.266,0.5,0.09,34.5,44.5,0.99843,3.39,0.561,10.98,6
6.52,0.295,0.0,7.77,0.095,43.6,126.3,0.99511,3.31,0.464,11.49,6
8.22,0.188,0.315,0.5,0.106,33.1,75.8,0.99713,3.33,0.815,10.46,6
9.48,0.257,0.165,2.24,0.122,47.2,143.7,0.99691,3.07,0.728,8.47,4
6.99,0.548,0.529,1.45,0.025,17.2,102.9,0.99629,3.22,0.594,9.4,5
7.64,0.583,0.212,0.61,0.05,39.9,113.8,0.99386,3.44,0.591,11.12,6
8.02,0.356,0.11,0.83,0.045,43.8,122.5,0.99849,3.46,0.355,9.52,5
6.74,0.831,0.569,0.5,0.119,19.4,53.3,0.99644,3.42,0.693,8.16,4
7.67,0.654,0.435,1.75,0.063,1.0,77.7,0.99873,3.17,0.908,10.41,6
7.34,0.56,0.325,0.82,0.081,32.8,93.3,0.99645,3.33,0.557,8.49,4
6.24,0.436,0.408,3.36,0.077,1.5,52.5,0.99699,3.11,0.529,10.65,6
6.68,0.412,0.05,2.11,0.11,35.4,119.6,0.99519,2.99,0.79,9.85,5
7.25,0.382,0.599,0.5,0.09,46.0,110.2,0.99571,3.35,0.507,11.77,6
6.23,0.121,0.256,0.71,0.098,19.6,103.5,0.99308,3.28,0.736,9.18,4
6.43,0.619,0.342,1.43,0.118,32.6,118.5,0.9982,3.37,0.822,9.07,4
6.54,0.513,0.295,3.93,0.035,10.3,34.9,0.99706,3.21,0.478,11.76,6
7.95,0.489,0.422,0.74,0.028,32.7,98.7,0.9959,3.38,0.749,8.99,4
6.68,0.547,0.298,2.91,0.067,29.9,77.7,0.99626,3.03,0.675,11.38,6
5.46,0.882,0.619,0.5,0.077,21.6,67.8,0.9965,3.2,0.877,11.17,6
6.8,0.636,0.365,3.62,0.062,43.3,124.4,0.99638,3.43,0.802,14.43,8
7.65,0.677,0.312,0.5,0.109,23.8,101.6,0.99673,3.61,0.614,9.28,4
6.37,0.519,0.468,1.38,0.073,17.9,100.5,0.99839,3.62,0.623,11.12,6
7.1,0.308,0.107,0.6,0.053,25.3,131.0,0.99666,3.17,0.84,8.55,4
5.55,0.204,0.301,0.5,0.095,29.3,119.2,0.99624,3.18,0.828,11.17,6
6.53,0.636,0.0,6.31,0.028,49.1,154.2,0.99683,3.3,0.736,8.74,4
7.86,0.489,0.15,0.74,0.061,38.7,93.8,0.99775,3.27,0.755,10.52,5
7.62,0.211,0.241,1.37,0.136,34.1,95.8,0.99781,3.2,0.629,10.58,6
8.57,0.411,0.217,0.65,0.179,39.1,126.2,0.99523,3.12,0.584,11.64,6
7.03,0.351,0.462,1.36,0.098,28.0,68.0,0.99738,3.17,0.718,10.3,5
6.74,0.367,0.302,5.72,0.06,22.2,72.6,0.99305,3.31,0.546,10.74,5
7.06,0.346,0.324,5.91,0.025,10.5,30.0,0.99711,3.49,0.762,10.59,6
8.12,0.588,0.061,0.5,0.045,13.8,89.7,0.99565,3.35,0.445,10.58,6
8.15,0.843,0.202,4.2,0.068,13.8,63.4,0.9984,3.35,0.807,9.52,3
6.96,0.492,0.413,4.63,0.109,58.8,87.5,0.99266,3.18,0.657,11.18,6
7.05,0.41,0.472,2.53,0.038,30.9,103.6,0.99805,3.33,0.536,10.06,5
5.98,0.452,0.229,0.5,0.069,28.4,114.3,0.99682,3.22,0.563,10.9,6
5.71,0.542,0.539,2.3,0.112,21.9,109.4,0.99467,3.07,0.617,9.3,4
6.27,0.439,0.1,2.88,0.025,39.2,82.5,0.9962,3.46,0.606,10.41,5
5.47,0.258,0.397,1.85,0.078,37.9,94.8,0.99654,3.28,0.883,11.03,6
8.56,0.349,0.0,6.81,0.097,17.0,56.5,0.99409,3.34,0.565,10.21,5
9.22,0.327,0.049,1.91,0.068,25.3,70.8,0.99365,3.06,0.808,9.68,5
5.84,0.565,0.572,1.23,0.11,26.8,126.2,0.99793,3.35,0.59,9.05,5
7.13,0.451,0.021,2.87,0.104,52.6,120.3,0.99514,3.24,0.839,10.09,5
6.61,0.158,0.54,5.25,0.047,49.9,73.7,0.99512,3.6,0.528,10.24,5
6.23,0.464,0.421,1.99,0.099,28.4,80.0,0.99516,3.57,0.537,10.6,5
6.85,0.345,0.532,4.47,0.075,7.9,57.6,0.99846,3.33,0.565,9.73,5
7.93,0.423,0.29,1.02,0.104,10.2,83.1,0.99478,3.39,0.815,11.45,6
9.18,0.869,0.17,0.67,0.066,56.1,117.4,0.99753,3.19,0.3,11.29,5
5.59,0.479,0.392,0.82,0.101,35.9,45.9,0.99677,3.13,0.67,10.88,6
8.11,0.785,0.292,1.39,0.08,42.4,70.6,0.99603,3.31,0.752,10.34,5
7.46,0.331,0.0,0.5,0.062,17.0,83.0,0.99929,3.42,0.577,10.11,6
8.92,0.36,0.38,1.2,0.121,21.0,87.1,0.99577,3.29,0.545,10.37,4
7.74,0.363,0.242,0.69,0.05,6.0,16.0,0.99449,3.36,0.755,10.49,6
6.18,0.462,0.522,6.4,0.088,27.8,99.1,0.99388,3.17,0.722,8.69,4
6.25,0.57,0.053,6.45,0.074,31.9,57.1,0.99567,3.15,0.468,10.07,5
8.14,0.496,0.183,1.93,0.103,12.2,83.8,0.99701,2.92,0.835,10.36,6
9.27,0.347,0.372,0.5,0.037,25.9,92.8,0.99952,3.33,0.605,8.93,5
8.79,0.347,0.314,0.5,0.088,32.9,60.9,0.99538,3.45,0.564,8.84,4
8.46,0.504,0.265,1.96,0.097,36.8,104.8,0.99711,3.4,0.531,9.67,5
4.64,0.606,0.344,0.92,0.097,36.7,65.4,0.99642,3.33,0.595,13.01,7
6.15,0.226,0.318,0.99,0.066,28.0,67.2,0.99549,2.96,0.562,12.0,7
5.18,0.575,0.276,1.83,0.117,48.7,118.2,0.996,3.36,0.705,11.02,6
8.35,0.374,0.373,2.2,0.07,26.3,111.8,0.99971,3.38,0.642,9.3,5
8.01,0.487,0.271,1.41,0.092,14.3,103.2,0.99525,3.39,0.512,11.24,5
7.02,0.403,0.24,5.66,0.081,29.2,75.2,0.9984,3.37,0.73,10.8,6
6.35,0.419,0.232,0.5,0.109,31.0,138.4,0.99738,3.27,0.588,9.57,5
7.54,0.514,0.201,9.55,0.069,28.0,114.0,0.99523,3.28,0.764,10.33,5
8.19,0.562,0.47,0.93,0.13,22.3,91.7,0.99496,3.26,0.713,10.88,6
8.32,0.573,0.067,5.47,0.073,20.5,96.5,1.00044,3.22,0.779,10.45,6
7.21,0.237,0.111,0.8,0.073,23.7,131.5,0.99493,3.45,0.667,12.26,7
7.97,0.377,0.231,3.12,0.034,8.4,137.1,1.00028,3.59,0.59,10.53,5
7.06,0.548,0.689,0.5,0.024,29.6,88.7,0.99803,3.28,0.359,11.14,5
7.61,0.705,0.325,1.78,0.134,29.7,90.6,0.9961,3.2,0.679,9.98,4
7.34,0.472,0.206,0.84,0.045,59.9,164.0,0.99656,3.13,0.656,9.15,4
6.74,0.314,0.419,4.57,0.106,55.6,114.4,0.99693,3.37,0.685,9.87,5
6.97,0.555,0.306,2.91,0.06,41.6,51.6,0.99946,3.45,0.469,11.1,6
8.04,0.507,0.324,0.5,0.1,50.9,153.7,0.99426,2.96,0.767,10.2,6
4.45,0.333,0.189,8.52,0.122,43.5,104.2,0.99506,3.24,0.74,11.23,6
8.92,0.359,0.215,0.96,0.106,26.4,114.9,0.99549,3.16,0.527,11.14,6
7.07,0.885,0.134,0.93,0.121,12.6,70.7,0.99527,3.18,0.833,10.6,5
8.68,0.289,0.243,2.64,0.052,31.2,77.5,0.99442,3.27,0.442,8.88,5
6.29,0.39,0.216,11.09,0.105,33.6,73.5,1.00164,3.24,0.605,10.03,5
5.57,0.347,0.353,6.9,0.067,1.0,76.8,0.99712,3.15,0.73,10.08,5
9.05,0.571,0.241,1.97,0.047,48.5,80.0,0.99537,3.66,0.643,10.54,5
8.13,0.591,0.574,0.5,0.103,27.3,88.3,0.9967,3.22,0.458,9.25,5
8.75,0.855,0.154,2.96,0.106,37.9,119.1,0.99593,3.38,0.722,11.06,6
5.39,0.677,0.427,2.34,0.157,46.1,92.3,0.9971,3.25,0.547,12.41,7
6.95,0.489,0.157,1.01,0.091,16.9,44.5,0.99903,3.39,0.713,10.96,6
7.99,0.473,0.348,7.25,0.03,27.9,61.8,0.99945,3.4,0.545,10.96,5
7.68,0.395,0.428,6.36,0.064,15.7,92.4,0.99625,2.9,0.764,8.2,4
6.63,0.47,0.0,0.54,0.111,27.2,117.5,0.99926,3.25,0.722,9.65,5
7.24,0.567,0.501,0.5,0.059,34.3,94.6,0.99942,3.17,0.558,10.39,5
6.96,0.363,0.055,3.54,0.054,40.6,76.5,0.99476,3.26,0.651,9.29,5
7.1,0.482,0.474,8.25,0.13,25.2,131.0,0.99443,3.26,0.734,11.35,5
5.83,0.478,0.184,1.28,0.102,36.6,92.2,0.99795,3.27,0.641,10.79,6
5.67,0.571,0.05,1.07,0.104,40.3,93.0,0.99512,3.34,0.643,11.15,6
7.74,0.158,0.064,1.01,0.072,7.2,58.3,0.99874,3.21,0.616,8.59,4
5.64,0.511,0.509,1.33,0.074,31.9,100.9,0.9948,3.18,0.639,9.0,4
7.87,0.613,0.445,3.14,0.096,56.3,94.7,0.99591,3.12,0.563,11.86,6
5.68,0.508,0.223,1.52,0.093,39.5,96.2,0.99884,3.53,0.963,8.85,5
9.17,0.416,0.141,0.5,0.114,28.9,77.2,0.99359,3.3,0.712,10.74,6
7.46,0.494,0.252,2.35,0.109,43.8,118.4,0.99681,3.48,0.895,10.31,5
8.49,0.1,0.223,2.83,0.15,26.5,86.4,0.99627,3.21,0.584,13.15,8
5.37,0.236,0.783,0.5,0.082,25.0,71.6,0.99393,3.26,0.596,9.16,5
9.14,0.825,0.49,1.94,0.09,17.8,112.8,0.99557,3.19,0.686,8.94,4
6.6,0.326,0.533,2.2,0.092,14.9,106.6,0.99649,3.33,0.618,10.69,5
5.25,0.763,0.35,0.5,0.068,21.5,90.1,0.99683,3.13,0.819,11.64,6
8.77,0.452,0.419,2.64,0.121,7.6,51.1,0.99759,3.31,0.785,11.93,7
6.05,0.567,0.367,1.79,0.065,34.4,73.2,0.99621,3.51,0.669,9.32,4
6.03,0.481,0.32,1.46,0.08,20.1,66.7,0.99595,3.28,0.689,11.31,6
6.8,0.536,0.275,3.13,0.01,35.0,119.0,0.99473,3.4,0.749,8.23,4
6.86,0.667,0.418,4.44,0.102,20.8,83.9,0.99778,3.28,0.637,12.26,7
7.68,0.258,0.219,3.01,0.105,23.7,54.0,0.99562,3.19,0.585,10.94,7
5.74,0.584,0.506,3.38,0.076,33.0,102.4,0.99809,3.33,0.533,8.0,4
8.9,0.538,0.196,2.01,0.104,25.4,97.6,0.99792,3.39,0.888,10.5,5
9.11,0.715,0.073,2.43,0.105,47.6,102.6,0.99841,3.18,0.635,9.36,5
6.26,0.455,0.159,0.59,0.095,57.0,133.0,0.99496,3.13,0.816,9.49,5
5.62,0.441,0.402,0.5,0.112,52.7,85.7,0.99442,3.12,0.666,12.05,7
7.74,0.276,0.332,1.17,0.022,18.5,102.2,0.99518,3.18,0.691,9.44,5
5.73,0.488,0.111,2.73,0.108,36.7,74.1,0.99859,3.33,0.476,9.11,4
8.35,0.579,0.112,0.5,0.084,36.2,51.6,0.99592,3.28,0.369,11.92,6
7.48,0.318,0.268,5.78,0.071,23.1,44.4,0.99633,3.16,0.804,11.5,6
8.23,0.235,0.201,0.5,0.025,19.4,76.8,0.99647,3.5,0.495,9.56,5
8.33,0.582,0.297,4.37,0.066,17.7,79.4,0.99586,2.96,0.682,9.21,5
7.17,0.353,0.209,0.5,0.024,52.3,118.9,0.99434,3.14,0.691,10.32,5
7.58,0.479,0.196,2.77,0.072,49.7,160.3,0.99295,3.23,0.368,11.9,6
5.2,0.491,0.15,4.13,0.082,31.8,66.4,0.99617,3.2,0.882,10.92,6
6.55,0.461,0.301,8.05,0.068,34.0,68.5,0.99415,3.24,0.525,11.26,6
6.53,0.554,0.223,1.41,0.055,19.1,63.7,0.99801,3.34,0.556,10.34,5
7.36,0.127,0.215,10.0,0.086,34.8,82.4,0.99531,3.44,0.824,9.71,5
6.92,0.627,0.484,2.82,0.091,52.0,88.1,0.99754,3.21,0.587,9.44,4
5.46,0.227,0.284,1.06,0.053,27.7,116.4,0.9968,3.3,0.815,10.05,6
5.68,0.612,0.531,3.02,0.105,29.0,103.4,0.99475,3.19,0.395,8.92,5
8.14,0.479,0.298,3.49,0.097,36.1,119.1,0.99826,3.04,0.424,9.93,5
7.96,0.27,0.136,2.8,0.085,48.7,108.1,0.99451,3.49,0.686,10.13,5
7.07,0.538,0.106,0.77,0.073,43.0,91.6,0.99491,3.3,0.356,8.97,4
6.45,0.39,0.431,0.5,0.083,20.8,108.2,0.99456,3.36,0.676,9.85,5
8.01,0.417,0.0,0.5,0.031,7.5,22.9,0.99543,3.26,0.452,10.17,5
5.95,0.401,0.369,0.5,0.127,31.6,85.0,0.99501,3.17,0.611,11.8,6
6.92,0.701,0.377,1.04,0.055,35.3,100.8,0.99551,3.22,0.941,12.57,7
7.16,0.526,0.541,3.89,0.035,1.0,67.2,0.99647,3.34,0.488,10.17,5
8.56,0.77,0.347,2.54,0.072,20.8,86.0,0.99182,3.37,0.765,10.38,5
9.61,0.476,0.161,4.59,0.117,54.8,103.4,0.99927,3.51,0.47,8.98,5
8.73,0.687,0.444,0.6,0.089,58.0,90.7,0.99877,3.52,0.965,11.61,6
8.27,0.495,0.348,0.5,0.125,22.1,63.6,0.99472,3.33,0.736,12.74,7
6.01,0.444,0.005,2.25,0.048,39.9,123.1,0.99715,3.22,0.665,9.51,5
8.58,0.447,0.052,2.77,0.097,43.7,115.7,0.99421,3.25,0.851,10.56,5
5.53,0.585,0.464,3.31,0.101,17.5,73.5,1.0006,3.27,0.559,10.67,5
8.81,0.509,0.407,13.31,0.094,1.0,76.2,0.99878,3.32,0.858,11.92,7
7.38,0.431,0.144,3.65,0.116,34.5,140.0,0.99505,3.39,0.774,10.5,5
7.58,0.253,0.31,0.5,0.046,13.0,76.5,0.99767,3.37,0.763,10.97,7
5.91,0.567,0.322,2.67,0.123,47.7,112.5,0.9984,3.45,0.381,12.17,6
8.32,0.768,0.317,7.76,0.091,11.2,40.3,0.99648,3.2,0.519,10.42,5
7.13,0.289,0.478,2.71,0.1,22.6,106.5,0.99722,3.12,0.649,10.56,5
7.71,0.409,0.422,0.5,0.048,56.1,87.1,0.99794,3.36,0.79,11.1,6
7.44,0.301,0.073,0.8,0.025,35.4,108.9,0.99767,3.37,0.595,11.49,6
7.36,0.622,0.532,0.56,0.085,38.1,77.7,0.99275,3.31,0.677,11.92,6
7.12,0.518,0.175,0.5,0.044,29.0,109.9,0.99454,3.38,0.781,10.64,5
6.78,1.013,0.392,0.5,0.072,30.7,107.9,0.99445,3.12,0.796,13.55,7
6.68,0.448,0.266,1.23,0.033,35.7,96.6,0.99506,3.01,0.78,11.35,6
6.76,0.476,0.509,4.19,0.082,26.4,95.6,0.99553,3.34,0.772,11.06,6
7.12,0.531,0.243,0.53,0.153,27.1,57.5,0.99547,3.23,0.652,12.32,6
6.92,0.693,0.426,3.96,0.083,45.8,132.4,0.99711,3.45,0.538,13.02,6
7.26,0.557,0.444,5.41,0.096,28.1,106.0,0.9941,3.42,0.633,8.68,4
6.63,0.356,0.215,1.68,0.04,18.1,64.1,0.99529,3.28,0.721,12.14,7
6.43,0.705,0.558,1.11,0.079,7.0,41.7,0.99738,3.3,0.767,11.31,6
7.88,0.757,0.143,0.5,0.093,15.2,82.6,0.99691,3.27,0.891,8.87,4
8.0,1.109,0.122,1.26,0.045,22.2,40.1,0.9963,3.26,0.904,10.98,5
6.48,0.807,0.201,0.5,0.067,15.4,56.3,0.99735,3.41,0.691,9.57,4
6.65,0.587,0.273,2.34,0.106,29.8,42.1,0.99743,3.33,0.535,10.72,5
8.51,0.359,0.386,1.53,0.053,37.2,59.0,0.99612,3.28,0.399,10.55,6
7.43,0.581,0.147,7.26,0.079,10.2,80.8,0.9957,3.29,0.484,9.01,4
7.74,0.701,0.391,0.5,0.027,19.2,68.8,0.99529,3.31,0.8,11.08,5
7.93,0.359,0.388,0.5,0.096,9.2,88.6,0.99818,3.34,0.613,9.05,5
6.39,0.379,0.512,0.5,0.1,20.4,64.1,0.99571,3.45,0.956,13.3,8
7.84,0.548,0.204,0.5,0.056,16.2,96.9,0.99939,3.21,0.755,8.68,5
5.62,0.34,0.421,2.93,0.113,8.6,18.6,0.99872,3.25,0.697,10.79,5
7.99,0.507,0.343,4.56,0.108,28.1,71.9,0.99808,3.21,0.426,9.8,5
7.6,0.826,0.181,0.8,0.111,56.9,112.1,0.99721,3.36,0.622,9.68,4
7.62,0.659,0.492,1.04,0.059,26.4,114.8,0.99169,3.36,0.671,11.21,6
6.61,0.539,0.41,1.89,0.09,31.8,122.8,0.9986,3.27,0.857,9.76,5
7.19,0.636,0.272,2.66,0.085,1.0,51.8,0.99733,3.04,0.819,10.46,6
8.46,0.685,0.501,1.15,0.062,42.5,91.2,0.99576,3.48,0.592,10.97,5
5.98,0.162,0.204,1.47,0.029,42.2,92.7,0.99417,3.24,0.584,9.47,4
5.12,0.424,0.0,3.06,0.025,18.6,121.4,0.99695,3.5,0.487,10.0,4
7.18,0.563,0.234,0.5,0.081,29.9,125.7,0.99412,3.44,0.56,10.81,5
5.84,0.376,0.375,1.41,0.073,15.8,77.3,0.99799,3.17,0.684,10.92,5
8.69,0.423,0.329,5.56,0.053,32.7,90.4,0.99707,3.41,0.531,9.9,5
7.73,0.662,0.288,3.28,0.076,18.2,64.1,0.99259,2.9,0.643,9.62,6
7.6,0.232,0.467,0.5,0.081,33.5,102.2,0.99587,3.45,0.604,10.24,6
6.97,0.358,0.463,3.06,0.01,17.8,84.0,0.99593,3.24,0.49,9.77,5
6.44,0.634,0.264,1.37,0.052,51.8,135.6,0.99405,3.01,0.901,11.77,6
8.26,0.414,0.208,4.76,0.069,13.6,107.8,0.99761,3.3,0.713,9.04,5
7.67,0.593,0.409,3.02,0.055,24.7,95.7,0.99913,3.26,0.755,10.9,6
7.33,0.496,0.469,5.85,0.059,20.9,146.1,0.99644,3.49,0.716,11.95,7
8.2,0.41,0.27,0.98,0.055,46.3,133.4,0.99593,3.36,0.628,11.11,6
8.54,0.511,0.243,4.7,0.097,61.7,148.7,0.99218,3.22,0.719,8.0,3
6.34,0.735,0.287,0.5,0.068,10.7,59.3,0.99966,3.3,0.427,10.43,5
6.01,0.477,0.423,1.07,0.061,23.7,60.6,0.99877,3.44,0.372,11.09,6
6.47,0.71,0.276,1.17,0.092,2.6,68.6,0.99661,3.18,0.568,10.26,5
8.12,0.593,0.268,1.98,0.076,34.8,75.2,0.99613,3.55,0.749,11.52,6
7.05,0.757,0.477,1.27,0.054,31.8,75.2,0.99708,3.09,0.644,10.9,5
5.07,0.67,0.269,1.54,0.105,25.0,92.5,0.99742,3.34,0.614,12.33,6
8.08,0.508,0.62,1.11,0.083,30.7,40.7,0.99738,3.37,0.823,8.0,4
6.34,0.722,0.133,0.51,0.098,21.3,93.3,0.99923,3.17,0.431,9.59,4
8.09,0.464,0.401,1.02,0.079,17.3,74.8,0.99865,3.48,0.44,11.42,6
6.15,0.616,0.256,1.04,0.1,14.1,41.2,0.99614,3.36,0.77,11.53,7
7.97,0.353,0.509,1.9,0.104,33.7,61.3,0.99479,3.33,0.708,11.36,6
7.73,0.737,0.371,1.0,0.101,19.8,57.6,0.99654,3.39,0.652,10.45,5
7.06,0.728,0.42,3.67,0.075,8.7,18.7,0.99634,2.9,0.588,10.87,6
6.95,0.369,0.181,0.5,0.047,12.6,83.3,0.99491,3.29,0.891,12.24,7
7.98,0.572,0.196,2.22,0.13,4.2,78.3,0.99681,3.11,0.464,10.18,5
7.17,0.443,0.153,1.17,0.089,28.3,86.8,0.99445,3.24,0.54,10.46,6
8.58,0.568,0.197,2.39,0.081,28.5,56.2,0.99596,3.27,0.685,12.59,7
6.41,0.618,0.341,1.82,0.061,26.0,75.5,0.99838,3.38,0.656,9.03,5
7.91,0.395,0.346,5.4,0.116,28.1,58.7,0.99655,3.4,0.559,11.22,6
5.67,0.461,0.349,1.89,0.086,29.9,95.7,0.99516,3.22,0.598,10.81,6
7.67,0.255,0.497,0.5,0.155,19.7,129.4,0.99883,3.19,0.474,10.63,6
8.06,0.925,0.113,1.16,0.066,2.5,31.7,0.99569,3.24,0.909,10.41,5
7.7,0.559,0.296,7.02,0.063,11.9,69.2,0.99671,3.27,0.499,8.0,3
6.02,0.528,0.103,4.63,0.077,47.5,116.5,0.99421,3.58,0.91,9.18,4
6.02,0.537,0.188,5.45,0.104,32.8,109.4,0.996,3.16,0.56,11.42,6
7.17,0.325,0.47,0.8,0.082,58.2,149.0,0.99546,3.6,0.756,9.18,4
5.62,0.665,0.49,6.82,0.09,15.5,95.4,0.99688,3.31,0.392,11.77,6
6.73,0.628,0.437,1.73,0.089,40.0,89.2,0.99978,3.51,0.763,12.3,7
6.87,0.42,0.364,0.7,0.101,5.7,61.4,0.99626,3.1,0.875,9.46,5
6.44,0.1,0.293,7.61,0.04,46.3,113.8,0.99446,3.37,0.642,11.08,6
7.87,0.632,0.282,2.65,0.053,35.8,79.3,0.9988,3.39,0.94,11.12,6
7.89,0.327,0.388,0.5,0.146,43.3,129.7,0.99808,3.34,0.589,11.9,6
7.05,0.402,0.223,0.5,0.11,5.4,66.6,0.99429,3.18,0.57,10.93,6
6.73,0.406,0.477,0.91,0.083,30.2,83.7,0.99665,3.28,0.534,11.31,7
7.23,0.216,0.162,1.21,0.129,23.5,52.1,0.99301,3.0,0.74,11.1,6
7.97,0.505,0.244,2.99,0.105,29.2,74.0,0.99583,3.61,0.467,10.02,5
9.08,0.425,0.4,1.5,0.108,43.3,121.1,0.9976,3.12,0.805,10.09,5
5.41,0.311,0.456,1.28,0.113,31.9,90.7,0.99611,3.31,0.349,11.22,6
7.72,0.457,0.386,0.64,0.091,32.2,89.8,0.99691,3.34,0.871,8.24,4
8.59,0.753,0.273,1.17,0.061,36.9,103.7,0.99484,3.29,0.729,8.28,3
7.32,0.416,0.281,1.04,0.108,7.2,67.9,0.99328,3.15,0.73,11.55,6
7.41,0.749,0.418,0.5,0.049,5.0,61.3,0.99752,3.2,0.471,9.94,4
6.24,0.428,0.248,0.5,0.077,37.2,90.5,0.99515,3.17,0.736,11.31,6
7.68,0.934,0.2,0.5,0.053,24.1,78.6,0.99661,3.38,0.563,10.45,5
7.63,0.679,0.492,1.94,0.06,8.3,102.6,1.00131,3.45,0.772,9.84,5
6.34,0.625,0.226,7.0,0.045,34.0,59.4,0.99558,3.49,0.659,10.02,5
5.64,0.631,0.32,0.87,0.104,40.3,101.0,0.99546,3.24,0.611,9.91,5
8.01,0.338,0.266,9.71,0.127,30.7,161.8,0.99208,3.41,0.769,8.38,4
7.81,0.656,0.308,1.01,0.094,35.0,124.5,0.99281,3.25,0.909,11.23,6
6.17,0.39,0.329,1.09,0.074,1.0,63.4,0.99904,3.4,0.561,8.0,4
7.16,0.605,0.309,0.5,0.095,7.3,80.0,0.99608,3.1,0.779,9.09,4
6.13,0.613,0.209,0.5,0.097,47.0,98.0,0.99435,3.16,0.723,10.92,5
7.16,0.456,0.255,1.25,0.174,34.0,99.2,0.99363,3.11,0.847,10.85,5
8.09,0.446,0.325,2.78,0.081,15.4,91.6,0.99332,3.37,0.622,9.85,5
7.32,0.524,0.055,1.24,0.06,25.3,51.3,0.99912,3.13,0.82,9.89,5
7.86,0.356,0.447,1.32,0.087,41.3,119.1,0.99436,3.38,0.638,11.67,6
7.71,0.564,0.282,0.86,0.046,23.3,95.0,0.99862,3.33,0.816,10.34,5
6.04,0.25,0.0,4.1,0.081,39.7,104.5,0.99628,3.13,0.75,12.01,6
6.86,0.738,0.349,1.62,0.072,34.7,68.7,1.00093,3.03,0.486,11.27,6
6.55,0.564,0.428,1.07,0.055,45.5,174.2,0.99674,3.53,0.874,11.34,5
6.23,0.658,0.235,0.5,0.088,26.3,100.1,0.99677,3.12,0.853,9.17,4
6.63,0.258,0.264,2.71,0.023,51.9,108.8,0.99867,3.46,0.639,10.2,6
5.79,0.526,0.519,0.5,0.084,49.2,100.6,0.99785,3.25,0.51,9.95,5
5.13,0.641,0.157,2.96,0.156,37.1,110.4,0.99714,3.02,0.73,9.78,5
7.38,0.1,0.49,0.5,0.108,30.0,105.4,0.99697,3.51,0.652,9.36,5
7.98,0.321,0.455,6.62,0.119,39.9,146.2,0.99714,3.33,0.514,10.13,5
6.09,0.385,0.319,0.5,0.12,25.8,138.2,0.99636,3.13,0.44,10.47,5
7.03,0.266,0.537,2.32,0.083,23.5,114.8,0.99439,3.15,0.903,10.27,6
7.63,0.615,0.25,0.5,0.085,48.7,137.4,0.99847,3.22,0.385,10.76,5
7.02,0.372,0.373,2.13,0.117,50.8,106.3,0.99512,3.15,0.58,11.59,6
7.57,0.606,0.47,0.97,0.05,43.1,103.5,0.99855,3.15,0.809,10.58,5
7.59,0.664,0.612,1.52,0.118,45.2,107.6,0.99604,3.38,0.842,8.86,4
5.69,0.584,0.227,5.47,0.101,19.8,36.2,0.99717,3.37,0.62,10.35,5
7.87,0.894,0.41,0.5,0.11,15.4,71.6,0.99922,3.25,0.595,11.06,5
8.08,0.507,0.251,0.83,0.079,29.0,79.5,0.99847,3.29,0.648,9.37,5
6.15,0.527,0.319,5.83,0.107,25.8,73.3,0.99877,3.15,0.761,9.61,5
7.33,0.334,0.244,0.5,0.109,11.2,137.1,0.99808,3.3,0.674,10.26,5
8.1,0.857,0.383,1.34,0.1,18.0,49.4,0.99558,3.24,0.613,10.59,5
7.03,0.728,0.144,0.93,0.038,25.6,71.6,0.99312,3.39,0.822,11.36,6
7.92,0.627,0.22,8.83,0.1,27.9,94.3,0.99688,3.26,1.035,12.7,7
6.75,0.583,0.472,2.2,0.028,25.1,94.7,0.99704,2.83,0.326,10.59,5
7.1,0.672,0.373,4.58,0.093,9.5,91.5,0.99382,3.35,0.524,12.67,6
7.76,0.674,0.285,2.93,0.105,41.1,91.6,0.99623,3.29,0.466,11.06,5
8.83,0.797,0.359,0.5,0.088,28.1,121.2,0.99669,3.03,0.635,9.33,4
5.84,0.565,0.217,1.6,0.129,1.0,11.0,0.99825,3.36,0.396,10.45,5
6.36,0.493,0.476,4.06,0.017,32.9,109.6,0.99538,3.49,0.317,8.93,5
8.57,0.355,0.143,1.46,0.119,1.1,56.1,0.99996,3.27,0.701,10.38,5
6.3,0.983,0.324,3.16,0.131,16.3,61.1,0.99672,3.36,0.832,10.07,5
9.39,0.382,0.393,0.5,0.12,12.6,67.3,0.99726,3.28,0.778,10.15,5
6.92,0.535,0.111,0.5,0.073,29.4,80.7,0.99473,3.36,0.581,11.06,6
6.81,0.44,0.223,1.21,0.12,60.2,150.3,0.99826,3.1,0.723,10.24,5
7.16,0.115,0.337,0.5,0.097,14.5,85.3,0.99646,3.48,0.482,8.87,4
7.47,0.335,0.317,3.8,0.115,14.1,67.8,0.99687,3.62,0.604,10.59,6
8.86,0.766,0.27,1.97,0.102,50.4,95.9,0.99633,3.16,0.479,9.96,5
5.51,0.854,0.039,4.31,0.09,17.3,67.9,0.99639,3.13,0.74,9.81,5
6.12,0.546,0.264,0.5,0.069,21.5,96.0,0.99852,3.53,0.489,10.42,6
7.63,0.499,0.448,0.55,0.044,24.8,122.5,0.99569,3.36,0.656,8.72,5
6.47,0.522,0.491,4.19,0.121,1.0,87.9,0.99746,3.32,0.632,10.28,5
6.95,0.666,0.173,2.02,0.06,10.1,56.7,0.99883,3.18,0.451,9.32,4
8.26,0.431,0.407,1.86,0.083,22.7,53.8,0.99845,3.45,0.499,11.6,6
5.85,0.554,0.278,1.21,0.112,41.4,122.4,0.99684,2.94,0.477,8.52,5
8.52,0.524,0.37,3.06,0.123,28.7,56.9,0.99496,3.47,0.741,11.55,6
5.0,0.394,0.249,2.79,0.117,37.6,119.8,0.9981,3.36,0.3,9.49,5
6.05,0.43,0.2,0.5,0.092,31.1,104.8,0.99575,3.12,0.685,11.25,6
6.03,0.936,0.406,3.02,0.073,19.8,29.8,0.99776,3.12,0.688,8.92,4
8.45,0.75,0.253,4.72,0.094,35.1,134.7,0.99779,3.18,0.76,10.18,6
5.2,0.493,0.273,2.98,0.089,50.8,105.2,1.00071,3.23,0.702,10.64,5
6.37,0.612,0.308,1.27,0.091,37.0,96.8,0.99494,3.32,0.3,8.35,4
5.82,0.184,0.101,0.5,0.066,27.6,96.4,0.99566,3.47,0.881,10.91,6
7.64,0.1,0.185,0.66,0.03,19.4,50.5,0.99649,3.29,0.699,8.52,4
6.36,0.393,0.345,0.6,0.08,40.1,97.4,0.99488,3.31,0.474,11.15,5
6.82,0.535,0.426,1.91,0.095,24.3,51.7,0.99673,3.16,0.609,11.25,6
8.44,0.363,0.538,0.87,0.135,36.3,108.9,0.99782,3.33,0.482,9.23,4
8.22,0.644,0.316,0.5,0.089,60.3,141.6,0.99663,3.08,1.092,11.19,6
7.6,0.594,0.342,1.71,0.084,28.5,81.0,0.99612,3.32,0.768,9.6,4
7.24,0.541,0.0,0.91,0.09,47.2,92.1,0.99856,3.04,0.724,12.59,7
6.72,0.627,0.359,4.74,0.108,29.7,101.1,0.99713,3.29,0.652,10.22,6
8.23,0.6,0.093,3.01,0.068,14.4,65.6,0.99592,3.41,0.878,10.1,5
7.71,0.408,0.314,3.4,0.073,38.4,63.9,0.99448,3.29,0.558,8.86,5
5.81,0.673,0.372,0.94,0.125,43.8,114.2,0.99829,3.4,0.804,10.22,5
5.95,0.522,0.34,1.08,0.11,13.1,106.1,0.99482,3.52,0.584,12.45,7
7.52,0.729,0.42,0.5,0.082,53.0,78.6,0.99818,3.27,0.683,11.74,6
6.17,0.506,0.213,0.5,0.122,33.9,52.2,0.99488,3.21,0.503,10.93,6
7.47,0.744,0.073,0.52,0.091,36.4,100.2,0.99871,3.15,0.574,8.25,4
8.59,0.539,0.345,1.07,0.094,35.1,129.7,0.99914,3.17,0.723,11.24,6
8.36,0.253,0.293,0.5,0.074,31.0,74.5,0.99543,3.35,0.668,11.86,6
5.28,0.373,0.189,3.3,0.07,36.1,99.1,0.99832,3.1,0.432,9.81,5
5.74,0.61,0.275,5.9,0.11,35.2,71.5,0.99782,3.39,0.74,9.89,5
7.91,0.213,0.385,1.55,0.115,49.0,133.3,0.99907,3.04,0.71,9.65,5
7.32,0.402,0.525,1.52,0.039,39.6,65.0,0.99441,3.49,0.772,10.61,5
6.34,0.698,0.241,1.97,0.069,35.1,84.7,0.99895,3.4,0.597,9.91,5
5.29,0.607,0.203,1.55,0.087,33.5,44.6,0.99337,3.41,0.636,10.69,6
7.56,0.345,0.216,6.26,0.094,44.6,70.7,0.99486,3.49,0.552,11.07,6
7.11,0.831,0.337,0.92,0.037,48.4,100.8,0.99581,3.69,0.68,10.97,6
7.28,0.829,0.168,7.89,0.088,16.7,40.6,0.9945,3.34,0.62,9.14,5
7.85,0.435,0.325,1.49,0.073,7.9,63.8,1.00016,3.53,0.533,10.14,5
6.22,0.624,0.245,3.17,0.04,16.3,100.3,0.99408,3.12,0.94,12.13,6
9.24,0.446,0.274,0.88,0.094,1.0,51.9,0.99812,3.31,0.781,9.65,5
6.09,0.634,0.119,1.52,0.1,46.2,113.4,0.99653,3.19,0.684,10.69,6
7.49,0.571,0.26,0.89,0.063,36.6,125.8,0.99401,3.38,0.548,10.02,5
5.42,0.559,0.071,1.96,0.092,47.5,128.1,0.99668,3.24,0.408,11.82,6
6.78,0.248,0.341,6.61,0.095,32.4,94.5,0.99688,3.43,0.696,11.69,6
8.4,0.417,0.376,1.96,0.09,21.6,104.6,0.99864,3.27,0.626,10.63,5
6.2,0.444,0.608,7.34,0.095,33.1,83.9,0.99708,3.35,0.695,8.38,4
7.38,0.632,0.174,0.83,0.081,24.6,112.3,0.99554,3.11,0.72,10.3,5
6.39,0.457,0.428,2.73,0.085,31.3,79.9,0.99807,3.35,0.789,8.0,4
6.35,0.495,0.2,7.71,0.067,28.7,81.9,0.99393,3.35,0.38,11.65,6
6.82,0.549,0.345,1.17,0.092,31.4,91.9,0.99661,3.29,0.698,9.95,5
6.85,0.433,0.33,2.18,0.084,18.4,41.1,0.99728,3.21,0.656,11.23,6
6.05,0.298,0.542,3.64,0.116,26.6,84.3,0.99666,3.26,0.715,10.35,5
8.19,0.724,0.076,0.5,0.076,28.2,91.3,0.99271,3.42,0.584,9.76,5
9.74,0.474,0.081,0.5,0.133,44.7,110.1,0.99846,3.09,0.477,9.09,4
6.8,0.862,0.506,1.36,0.103,37.7,82.7,0.99583,3.39,0.583,10.77,5
6.86,0.479,0.408,0.9,0.101,26.2,92.2,0.99919,3.27,0.648,11.48,6
8.74,0.836,0.273,2.42,0.069,19.0,64.9,0.99593,3.32,0.785,11.17,5
8.57,0.255,0.457,9.39,0.08,31.0,95.0,0.99779,3.14,0.42,12.23,7
9.07,0.613,0.445,0.5,0.072,38.2,109.6,0.99494,3.11,0.43,10.23,5
7.58,0.494,0.484,0.53,0.076,28.4,106.6,0.9969,3.4,0.793,11.02,6
7.68,0.686,0.412,0.5,0.128,18.1,119.6,0.99708,2.87,0.714,11.01,5
7.18,0.417,0.53,3.87,0.072,15.7,106.3,0.99535,3.26,0.69,13.02,7
8.11,0.583,0.269,4.21,0.1,31.3,114.3,0.99674,3.11,0.751,9.2,5
6.29,0.526,0.355,14.7,0.092,32.0,42.0,0.99566,3.29,0.589,10.46,5
8.53,0.504,0.453,1.88,0.074,7.4,39.1,0.99527,3.33,0.772,9.24,4
6.87,0.486,0.509,2.63,0.084,18.2,109.3,0.99872,3.38,0.754,8.33,5
5.69,0.588,0.207,1.51,0.042,62.3,110.5,0.99468,3.07,0.314,9.78,5
7.49,0.483,0.405,2.76,0.055,41.0,92.1,0.99492,3.28,0.575,11.21,6
6.76,0.54,0.205,1.68,0.06,31.6,61.3,0.99855,3.13,0.647,11.54,6
8.31,0.228,0.049,0.82,0.047,50.0,118.5,0.99525,3.36,0.554,9.85,5
6.71,0.463,0.418,2.23,0.106,32.6,42.6,0.99576,3.31,0.646,8.54,4
9.78,0.491,0.244,0.5,0.044,37.6,83.6,0.99472,3.41,0.719,9.67,5
6.94,0.595,0.192,2.63,0.024,24.5,66.3,0.99668,3.16,0.812,9.42,5
6.45,0.632,0.299,4.13,0.107,1.0,55.0,0.99509,3.23,0.676,9.24,4
6.91,0.204,0.434,1.72,0.105,36.9,107.3,0.99648,3.11,0.534,9.35,4
7.27,0.421,0.289,8.94,0.064,15.8,95.8,0.99352,3.55,0.723,13.04,7
7.97,0.419,0.407,3.91,0.086,50.5,109.6,0.99966,3.36,0.867,9.53,5
8.19,0.533,0.329,4.02,0.086,19.5,75.1,0.99579,3.57,0.709,11.3,6
8.05,0.628,0.275,0.5,0.068,26.1,110.5,0.99692,3.41,0.468,10.97,6
9.2,0.516,0.229,1.37,0.01,30.5,56.0,0.99746,3.38,0.753,13.61,8
7.7,0.247,0.139,3.17,0.089,35.8,89.7,0.99837,2.96,0.709,11.25,6
6.14,0.711,0.411,4.3,0.061,22.8,94.6,0.99601,3.34,0.971,10.66,5
5.53,0.621,0.474,3.26,0.072,6.3,72.4,0.99771,2.84,0.865,11.52,6
5.66,0.286,0.345,2.41,0.05,35.7,115.9,0.99923,3.25,0.782,11.21,6
7.53,0.14,0.166,0.5,0.052,59.3,110.9,0.99523,3.18,0.658,11.86,7
8.6,0.637,0.331,1.29,0.075,21.5,91.4,0.99443,2.98,0.898,11.16,6
6.95,0.298,0.072,0.66,0.082,61.0,157.2,0.99572,3.53,0.707,10.26,5
6.85,0.388,0.337,3.75,0.091,22.7,81.2,0.9944,3.15,0.468,12.03,7
7.01,0.551,0.185,2.34,0.093,3.8,77.0,0.99176,3.12,0.811,10.73,5
9.17,0.692,0.504,1.11,0.084,37.8,102.8,0.99948,3.4,0.72,12.5,7
6.87,0.292,0.213,0.5,0.041,48.9,122.9,0.99418,3.09,0.637,10.0,6
8.46,0.624,0.348,0.55,0.045,44.9,108.3,0.99954,3.31,0.71,8.54,4
8.84,0.673,0.429,3.21,0.124,35.9,87.4,0.99664,3.39,0.725,9.1,4
7.44,0.488,0.351,1.2,0.07,39.2,70.4,0.99813,3.4,0.669,10.61,6
9.22,0.429,0.289,4.02,0.104,49.0,110.1,0.99772,3.32,0.678,10.78,5
7.67,0.207,0.381,4.16,0.034,41.9,121.5,0.99643,3.25,0.74,10.14,5
7.6,0.454,0.359,5.6,0.058,44.3,128.1,1.00032,3.29,0.612,9.45,5
6.53,0.669,0.354,3.37,0.051,15.8,76.9,0.99711,3.52,0.789,11.1,6
5.52,0.593,0.361,2.91,0.074,40.5,69.5,0.99604,3.21,0.759,10.6,5
7.13,0.874,0.262,1.36,0.126,30.1,95.5,0.99556,3.48,0.54,8.92,4
6.26,0.278,0.127,0.5,0.073,35.0,105.1,0.99738,3.33,0.73,10.16,6
6.58,0.545,0.438,1.04,0.131,9.9,89.6,0.99562,3.51,0.507,8.51,4
7.09,0.323,0.409,1.33,0.047,28.8,85.6,0.99554,3.38,0.696,9.38,5
6.78,0.29,0.317,0.59,0.063,22.9,110.0,0.99668,3.42,0.549,10.54,6
7.76,0.419,0.232,0.61,0.082,25.1,60.7,0.99668,3.22,0.61,12.27,7
5.48,0.433,0.291,11.71,0.092,23.0,79.3,0.99474,3.34,0.609,10.44,6
7.73,0.361,0.307,2.52,0.112,43.5,82.4,0.99836,3.34,0.421,12.31,7
6.69,1.061,0.154,1.59,0.063,45.7,92.7,0.99461,3.36,0.545,9.56,4
6.54,0.676,0.385,4.26,0.103,2.5,36.0,0.99937,3.42,0.871,9.82,6
5.04,0.414,0.474,0.5,0.058,35.9,101.4,0.99771,3.03,0.72,8.41,4
4.81,0.479,0.198,3.1,0.113,7.7,81.2,0.99839,3.34,0.674,12.01,6
6.97,0.799,0.091,1.39,0.06,38.6,93.1,0.99598,3.34,0.86,11.1,6
8.22,0.691,0.366,1.64,0.035,38.9,82.6,0.99763,3.24,0.616,13.17,8
7.57,0.618,0.309,8.44,0.067,45.7,101.9,0.99492,3.28,0.558,11.06,5
6.36,0.354,0.319,1.44,0.074,42.5,109.5,0.99723,3.41,0.465,9.68,6
6.64,0.158,0.16,2.06,0.12,33.0,71.6,0.99643,3.22,0.689,10.77,6
5.41,0.446,0.521,1.4,0.115,39.1,135.6,0.99989,3.32,0.896,12.41,7
6.94,0.561,0.446,1.23,0.136,3.0,24.4,0.9985,3.24,0.91,10.7,6
9.98,0.554,0.337,1.04,0.046,37.7,138.6,0.99738,3.25,0.499,9.11,5
7.55,0.366,0.261,2.41,0.146,29.9,64.0,0.99957,3.3,0.706,10.39,5
7.45,0.229,0.184,3.83,0.099,29.3,58.1,0.99318,3.21,0.651,9.58,5
8.17,0.454,0.509,1.41,0.067,17.1,83.8,0.99458,2.89,0.469,9.66,4
6.42,0.325,0.344,3.17,0.091,45.6,106.8,0.9948,3.12,0.699,10.66,6
6.91,0.184,0.346,2.96,0.034,32.1,98.1,0.9952,3.24,0.597,9.71,5
7.74,0.545,0.308,0.5,0.134,5.8,42.8,0.99852,3.14,0.302,10.84,6
7.08,0.569,0.196,0.72,0.069,35.0,91.0,0.99825,3.04,0.78,12.34,7
10.28,0.141,0.167,2.9,0.088,23.7,98.7,0.9934,3.26,0.69,9.79,5
7.24,0.157,0.342,5.15,0.142,34.2,69.5,0.99967,3.25,0.834,12.31,7
5.22,0.316,0.487,2.94,0.142,21.0,81.6,0.99393,3.54,0.553,10.73,6
7.27,0.317,0.066,2.78,0.017,24.4,117.4,0.9959,3.43,0.748,9.58,4
6.99,0.666,0.604,9.97,0.058,21.8,90.7,0.9964,2.92,0.74,10.83,5
8.35,0.67,0.491,2.61,0.079,41.3,102.2,0.99741,3.13,0.624,10.04,5
7.72,0.339,0.178,2.51,0.104,51.3,64.4,0.99869,3.34,0.818,9.76,5
8.32,0.504,0.099,1.51,0.04,36.5,56.5,0.9963,3.24,0.611,12.06,6
5.89,0.493,0.202,4.77,0.076,39.9,137.1,0.99548,3.22,0.465,8.0,4
7.44,0.489,0.128,0.5,0.02,1.0,70.8,0.9965,3.25,0.562,9.9,6
6.77,0.571,0.346,2.64,0.084,23.8,112.9,0.99962,3.42,0.592,12.38,7
8.75,0.414,0.198,3.57,0.13,33.1,92.8,0.99553,3.21,0.42,12.09,7
6.29,0.456,0.334,6.41,0.04,29.4,95.4,0.9964,3.31,0.616,8.0,3
6.27,0.314,0.262,0.5,0.038,27.8,50.2,0.99703,3.07,0.477,10.88,6
7.35,0.21,0.158,2.98,0.127,7.8,37.2,0.99375,3.61,0.597,10.66,5
8.79,0.758,0.444,8.69,0.094,33.6,131.3,0.99804,3.26,0.723,9.97,5
6.79,0.37,0.127,0.78,0.039,44.2,95.9,0.99602,3.26,0.435,12.39,6
5.9,0.5,0.272,2.64,0.019,35.2,138.1,0.99754,3.32,0.728,12.38,7
7.08,0.645,0.065,0.5,0.072,26.7,85.3,0.99632,3.11,0.434,11.94,6
7.28,0.65,0.547,2.72,0.09,28.9,117.6,0.99553,3.41,0.564,10.89,5
6.48,0.307,0.254,2.36,0.073,51.9,125.8,0.99277,3.27,0.563,8.64,4
10.38,0.777,0.377,5.58,0.077,26.4,108.7,0.99582,3.31,0.818,10.35,5
8.07,0.73,0.199,0.63,0.092,22.6,51.7,0.99276,3.36,0.559,10.97,5
7.86,0.728,0.507,5.81,0.071,48.6,126.5,0.99671,3.13,0.51,9.79,5
5.05,0.476,0.306,2.37,0.157,49.8,147.7,1.00047,3.27,0.311,10.85,5
6.92,0.49,0.324,1.3,0.09,23.4,45.5,0.99629,3.39,0.661,9.54,5
7.28,0.447,0.414,1.94,0.038,27.4,58.8,0.99909,3.03,0.722,10.75,6
6.05,0.495,0.275,2.66,0.024,44.6,95.3,0.99784,3.21,0.728,8.0,4
7.06,0.482,0.219,0.68,0.077,26.8,102.8,0.99497,3.33,0.467,9.44,5
6.68,0.386,0.459,9.56,0.046,22.0,60.4,0.9955,3.31,0.764,9.2,5
7.5,0.681,0.219,3.43,0.118,41.9,115.5,0.99772,3.47,0.607,10.46,5
9.06,0.499,0.302,2.95,0.075,62.5,108.3,0.99846,3.21,0.807,9.28,5
11.28,0.44,0.459,0.6,0.06,33.8,104.0,0.99512,3.47,0.733,9.98,5
4.9,0.42,0.211,0.5,0.045,24.8,86.6,0.99701,3.42,0.86,10.22,5
7.12,0.767,0.373,8.52,0.073,17.4,73.3,0.99304,3.33,0.558,11.99,6
8.23,0.62,0.35,6.72,0.08,47.2,126.5,0.99648,3.19,1.013,12.77,6
7.79,0.652,0.309,4.47,0.085,34.3,105.1,0.99548,3.32,0.706,8.65,4
6.51,0.389,0.369,6.03,0.075,51.1,160.7,0.99739,3.17,0.609,8.32,4
7.1,0.903,0.05,6.21,0.113,23.2,89.9,0.99775,3.31,0.6,11.12,5
7.13,0.583,0.365,5.56,0.054,27.9,62.4,0.99426,3.58,0.57,10.37,5
8.28,0.508,0.085,1.13,0.056,44.7,66.9,0.9966,3.16,0.509,9.97,5
7.45,0.144,0.366,2.39,0.088,33.3,95.3,0.99987,3.21,0.827,9.68,5
7.47,0.835,0.201,6.29,0.107,10.2,82.1,0.99952,3.25,0.651,9.1,4
9.33,0.398,0.071,3.34,0.052,37.9,90.6,0.99486,3.2,0.646,8.97,4
7.43,0.436,0.409,2.26,0.064,15.9,66.0,0.99482,3.38,0.626,10.54,6
8.22,0.8,0.297,4.9,0.1,57.8,67.8,0.99489,3.37,0.648,10.85,5
7.31,0.978,0.225,0.5,0.088,19.9,62.0,0.99941,3.33,0.852,13.03,7
6.55,0.247,0.574,1.01,0.076,31.5,92.2,0.99325,3.54,0.691,11.73,7
7.39,0.465,0.244,3.25,0.038,13.8,93.3,0.99566,3.31,0.301,11.14,6
8.09,0.737,0.269,2.03,0.02,25.6,53.7,0.99909,3.25,0.766,8.98,4
4.59,0.355,0.267,5.6,0.088,45.3,97.3,0.99807,3.33,0.627,8.87,5
6.27,0.412,0.115,3.45,0.11,26.1,94.2,1.00021,3.38,0.755,9.77,5
8.59,0.388,0.217,0.5,0.1,37.4,79.0,0.99668,3.39,0.702,8.46,4
6.95,0.22,0.422,2.34,0.077,37.0,95.9,0.99691,3.15,0.715,11.18,6
7.65,0.531,0.417,1.39,0.049,11.2,70.2,0.99705,3.49,0.512,10.71,6
6.7,0.293,0.291,0.5,0.058,50.5,120.1,0.99623,3.3,0.543,11.57,6
6.47,0.632,0.049,4.08,0.039,10.2,58.2,0.99736,3.42,0.629,11.59,6
7.71,0.409,0.138,6.83,0.101,25.7,55.2,0.99488,3.46,0.805,10.21,6
8.69,0.575,0.312,3.36,0.052,33.7,56.1,0.99695,3.23,0.618,11.88,6
8.25,0.1,0.386,12.5,0.119,5.4,89.3,0.99666,3.32,0.726,8.76,4
8.58,0.509,0.551,1.72,0.073,40.4,85.8,0.99386,3.18,0.631,11.84,6
8.37,0.428,0.389,1.38,0.034,31.7,118.5,0.99831,3.48,0.516,11.96,7
5.54,0.381,0.499,0.64,0.073,15.2,89.1,0.99465,3.29,0.62,12.49,7
7.75,0.447,0.381,1.48,0.107,36.2,112.0,0.99738,3.52,0.546,10.31,6
6.39,0.367,0.612,1.67,0.058,22.5,96.3,0.99585,3.36,0.784,10.46,5
7.73,0.591,0.367,1.22,0.063,29.8,124.4,0.99277,3.23,0.693,10.52,6
5.73,0.326,0.184,7.43,0.113,46.0,124.0,0.99757,3.16,0.685,11.78,6
6.02,0.787,0.064,2.25,0.098,27.2,102.6,0.99458,3.39,0.662,11.35,5
5.21,0.45,0.311,0.5,0.078,52.7,116.1,0.99826,3.56,0.482,11.82,6
8.0,0.554,0.272,6.29,0.108,14.9,43.6,0.99829,3.35,0.787,10.77,6
7.45,0.801,0.32,7.92,0.05,31.1,65.8,0.99908,3.1,0.643,10.92,6
6.43,0.3,0.17,4.93,0.032,52.1,140.5,0.99645,3.32,0.593,12.43,6
7.78,0.666,0.688,4.24,0.061,39.2,107.6,0.99474,3.24,0.727,11.67,6
6.47,0.515,0.0,0.5,0.078,19.8,102.8,0.99668,3.18,0.811,10.4,5
6.34,0.337,0.269,1.85,0.066,12.3,93.6,0.99641,3.33,0.499,11.14,6
5.03,0.51,0.153,0.99,0.049,11.2,63.8,0.99615,3.55,0.749,11.87,6
7.49,0.306,0.616,0.5,0.106,18.5,92.3,0.99635,3.25,0.658,9.39,5
6.57,0.764,0.29,2.78,0.098,32.8,141.8,0.9941,3.11,0.504,10.22,5
8.51,0.421,0.208,4.33,0.103,31.3,97.7,0.99721,3.36,0.688,11.28,5
6.18,0.665,0.219,3.26,0.066,53.9,125.9,0.99663,3.47,0.752,11.81,6
7.51,0.363,0.268,2.99,0.134,36.0,65.8,0.99779,3.4,0.527,10.39,6
5.99,0.562,0.479,1.36,0.098,29.7,122.5,0.99686,3.1,0.587,11.96,6
7.22,0.638,0.312,2.6,0.061,15.0,71.7,0.9973,3.31,0.634,10.37,5
6.92,0.703,0.491,2.83,0.044,50.4,103.6,0.99754,3.18,0.3,12.0,6
7.34,0.556,0.286,1.99,0.05,31.0,104.1,0.99668,3.3,0.506,13.24,8
5.82,0.435,0.104,4.83,0.108,39.3,132.3,0.99864,3.34,0.76,11.14,5
8.13,1.097,0.286,0.82,0.062,29.2,104.9,0.99715,3.38,0.86,11.36,5
7.01,0.553,0.412,0.5,0.065,46.8,130.0,0.99352,3.2,0.605,9.4,5
7.05,0.493,0.05,1.64,0.033,43.0,102.6,0.99553,3.5,0.636,12.57,7
7.56,0.576,0.162,2.62,0.034,18.9,88.0,0.99531,3.34,0.751,12.21,6
7.88,0.613,0.445,1.21,0.039,40.6,66.0,0.99786,3.48,0.521,10.12,5
6.04,0.628,0.309,0.5,0.086,56.0,99.1,0.99548,3.6,0.757,8.94,4
6.58,0.711,0.185,1.17,0.047,56.4,172.7,0.99388,3.24,0.458,12.3,6
6.61,0.532,0.397,1.31,0.031,45.5,122.1,0.99648,3.0,0.524,13.31,7
6.61,0.535,0.167,1.57,0.08,13.6,66.3,0.99481,3.12,0.79,8.19,4
5.56,0.913,0.195,0.5,0.088,22.2,117.1,0.99719,3.36,0.63,10.77,4
7.91,0.358,0.448,2.88,0.068,41.2,125.7,0.99555,3.39,0.589,10.33,6
6.12,0.377,0.448,1.63,0.117,27.3,140.3,0.99806,3.29,0.428,10.9,5
8.58,0.386,0.66,8.9,0.02,35.1,112.5,0.9982,3.03,0.816,9.65,5
9.1,0.387,0.413,1.71,0.131,20.5,66.6,0.99646,3.38,0.454,11.38,7
7.65,0.592,0.179,0.5,0.039,34.3,87.8,0.9935,3.14,0.724,13.14,7
6.48,0.384,0.277,7.56,0.084,58.9,86.8,0.9952,3.16,0.426,10.02,5
7.08,0.817,0.348,1.99,0.062,45.0,77.4,0.99411,3.26,0.713,10.08,5
6.98,0.547,0.272,0.86,0.155,45.3,72.1,0.99481,3.3,0.828,11.11,6
6.58,0.77,0.31,3.34,0.1,31.5,107.6,0.99864,3.37,0.712,10.78,5
6.56,0.764,0.188,10.47,0.07,40.1,77.1,0.99744,3.2,0.688,11.43,5
5.55,0.229,0.391,3.43,0.092,20.7,90.9,0.99696,3.27,0.675,9.01,4
6.53,0.566,0.287,3.82,0.079,45.7,140.4,0.99561,3.32,0.623,10.67,5
7.33,0.716,0.295,8.07,0.119,48.3,142.4,0.99243,3.59,0.412,12.47,6
7.28,0.17,0.21,4.54,0.067,46.9,111.8,0.99705,3.32,0.576,10.47,5
5.56,0.532,0.372,2.84,0.107,39.4,85.2,0.99544,3.18,0.641,10.17,5
6.11,0.365,0.434,3.82,0.071,30.4,66.1,0.9966,3.32,0.827,11.28,6
8.32,0.408,0.0,3.27,0.037,14.7,70.2,0.99958,3.14,0.603,10.99,6
7.15,0.325,0.102,4.74,0.087,36.4,66.4,0.99558,3.26,0.566,9.69,5
7.2,0.236,0.391,2.0,0.13,23.2,67.5,0.9961,3.1,0.596,10.42,5
7.53,0.617,0.067,1.67,0.112,10.1,51.6,0.99583,3.09,0.373,9.15,5
7.28,0.303,0.359,1.88,0.053,53.5,98.0,0.99573,3.48,0.592,10.69,5
7.52,0.689,0.396,2.04,0.09,39.8,127.4,0.9957,3.26,0.633,11.87,6
4.67,0.636,0.515,1.75,0.068,34.8,91.7,0.99724,3.48,0.864,9.34,5
6.5,0.369,0.294,8.07,0.061,21.9,84.0,0.99371,3.4,0.825,8.54,5
6.87,0.435,0.388,1.21,0.054,29.1,130.4,0.99372,3.15,0.404,8.78,4
8.38,0.668,0.223,2.89,0.091,23.6,52.8,0.99751,3.18,0.677,9.01,4
7.57,0.569,0.405,3.21,0.106,17.1,92.7,0.99474,3.16,0.643,11.98,6
7.6,0.676,0.402,0.96,0.057,37.1,141.3,0.99587,3.22,0.814,9.66,5
7.31,0.524,0.524,0.5,0.094,21.0,31.0,0.99724,3.53,0.659,9.27,4
7.6,0.601,0.142,0.5,0.107,51.1,113.0,0.99723,3.17,0.694,10.97,6
6.66,0.374,0.292,1.25,0.117,5.9,90.3,0.99548,3.26,0.715,11.59,7
7.18,0.481,0.544,0.97,0.077,34.3,137.3,0.99702,3.4,0.82,11.16,6
7.89,0.305,0.298,0.5,0.099,45.9,118.9,0.99699,3.3,0.46,10.04,5
7.0,0.471,0.416,6.8,0.061,45.7,109.6,0.9965,3.22,0.83,9.39,5
7.0,0.305,0.466,1.8,0.06,29.5,100.4,0.9944,3.25,0.825,11.98,6
6.89,0.744,0.261,0.5,0.104,18.8,122.3,0.99729,3.03,0.555,9.88,5
6.77,0.351,0.299,0.59,0.08,15.7,79.1,0.99676,3.61,0.831,10.05,6
8.12,0.351,0.231,0.5,0.01,31.3,95.7,0.99708,3.64,0.717,10.11,5
7.24,0.713,0.262,0.89,0.096,26.0,59.1,0.99737,3.34,0.462,8.79,5
6.75,0.703,0.053,1.81,0.118,13.1,59.9,0.9963,3.6,0.627,11.04,5
8.18,0.464,0.448,2.67,0.062,47.0,103.3,0.99469,3.33,0.443,12.65,6
8.01,0.357,0.149,1.49,0.098,15.4,104.2,0.99814,3.15,0.874,11.89,6
8.08,0.691,0.222,1.23,0.096,55.0,105.1,0.99276,2.98,0.617,11.02,5
8.46,0.252,0.316,0.5,0.058,41.3,107.6,0.99538,3.48,0.905,10.6,6
7.29,0.918,0.008,1.14,0.11,4.5,97.8,0.99862,3.31,0.711,11.07,5
7.9,0.562,0.114,4.13,0.152,1.0,81.6,0.99887,3.38,0.609,10.21,5
7.45,0.413,0.178,1.17,0.07,14.9,58.3,0.99586,3.2,0.41,9.59,4
7.82,0.814,0.431,0.98,0.074,17.5,99.0,0.99346,3.41,0.552,10.47,5
6.96,0.45,0.34,2.91,0.047,20.8,79.3,0.99796,3.21,0.587,11.34,6
6.2,0.638,0.328,3.78,0.065,37.3,114.9,0.99905,3.56,0.707,10.78,5
6.39,0.302,0.202,0.5,0.06,32.9,64.6,0.99724,3.34,0.528,11.19,6
5.83,0.522,0.0,14.57,0.114,30.2,95.1,0.99483,3.3,0.593,9.24,4
9.21,0.276,0.309,6.84,0.095,21.7,90.7,0.9956,3.49,0.679,8.0,4
6.92,0.786,0.482,2.11,0.099,38.4,108.3,0.995,3.41,0.738,11.46,6
7.32,0.391,0.15,7.93,0.088,28.5,38.5,1.00031,3.47,0.623,8.98,4
6.32,0.471,0.394,2.81,0.01,22.1,122.8,0.99628,3.01,0.852,8.78,4
6.63,0.561,0.372,9.7,0.155,15.1,99.9,0.99751,3.27,0.624,10.44,5
8.21,0.404,0.403,8.3,0.093,37.9,60.5,0.99709,3.02,0.76,11.41,6
4.89,0.337,0.587,3.27,0.039,29.1,87.2,0.99954,3.1,0.601,8.11,4
7.86,0.198,0.378,1.82,0.105,34.4,66.8,0.99177,3.4,0.838,11.38,7
8.01,0.733,0.18,1.71,0.063,43.6,75.4,0.99786,3.21,0.739,11.15,6
9.79,0.1,0.389,2.72,0.074,19.0,86.2,0.99742,3.41,0.302,11.14,6
7.33,0.693,0.273,1.14,0.056,31.1,66.5,0.99508,3.17,0.76,9.71,5
7.34,0.654,0.282,1.34,0.075,14.4,62.3,0.99832,3.27,0.496,10.67,6
6.45,0.382,0.336,1.62,0.097,27.2,37.2,0.99841,3.02,0.398,8.74,4
6.48,0.187,0.539,1.74,0.09,27.0,94.6,0.99651,3.35,0.864,9.67,5
5.96,0.486,0.459,0.5,0.106,16.3,37.3,0.99392,3.28,0.708,10.83,6
7.08,0.271,0.673,1.1,0.055,57.9,151.4,0.99692,3.2,0.782,8.15,4
8.01,0.351,0.486,2.67,0.074,41.2,113.0,0.99597,3.58,0.67,9.0,4
7.84,0.38,0.497,5.9,0.089,32.9,105.5,0.99549,3.66,0.697,11.45,6
7.81,0.487,0.239,2.46,0.082,34.0,77.6,0.994,3.57,0.582,11.85,6
4.78,0.692,0.392,0.5,0.055,34.3,116.5,0.99593,3.43,0.843,9.7,5
6.82,0.59,0.324,0.5,0.046,28.7,89.7,0.99893,3.13,0.534,12.61,7
6.91,0.537,0.18,4.59,0.145,43.6,120.8,0.99618,3.49,0.621,12.37,6
6.65,0.427,0.396,13.37,0.094,21.8,95.4,0.99815,3.33,0.84,9.75,5
4.76,0.405,0.062,3.86,0.094,30.5,66.0,0.99613,3.4,0.864,13.09,8
7.85,0.819,0.318,9.31,0.082,31.6,117.1,0.99631,3.41,0.536,9.28,4
6.76,0.557,0.226,0.78,0.03,45.8,170.4,0.9978,3.05,0.762,10.34,5
6.68,0.447,0.431,0.72,0.049,29.6,80.5,0.99248,3.26,0.837,10.52,5
6.47,0.456,0.0,2.11,0.084,44.6,73.2,0.99735,3.14,0.654,11.69,6
8.03,0.688,0.554,0.5,0.071,6.4,53.2,0.99977,3.23,0.812,9.74,5
5.97,0.206,0.255,1.09,0.108,65.5,107.3,0.99729,3.36,0.545,11.55,6
6.45,0.703,0.474,4.64,0.082,31.3,96.1,0.99482,3.19,0.523,10.88,5
6.29,0.516,0.462,2.67,0.052,19.6,96.8,0.99541,3.24,0.8,9.69,5
6.99,0.634,0.416,0.56,0.116,49.5,136.1,0.99595,3.41,0.655,10.88,5
7.52,0.578,0.358,4.48,0.106,58.9,107.6,0.99687,3.39,0.684,11.64,6
7.48,0.424,0.201,0.5,0.061,38.4,85.1,0.99539,3.49,0.845,12.28,6
7.47,0.327,0.256,0.98,0.087,30.9,93.8,0.99497,3.16,0.8,12.94,8
5.55,0.595,0.347,3.14,0.061,24.6,114.5,0.9972,3.31,0.585,12.18,7
6.98,0.74,0.482,0.5,0.049,29.8,64.4,0.99591,3.24,0.85,11.69,6
7.27,0.538,0.294,0.5,0.062,27.2,104.3,0.9925,3.26,0.354,11.54,6
9.15,0.293,0.447,2.25,0.058,33.9,82.0,0.99761,3.57,0.584,10.77,5
7.38,0.333,0.076,3.71,0.075,43.2,142.1,0.99646,3.22,0.788,11.47,6
7.1,0.752,0.15,2.97,0.072,28.8,80.2,0.99658,3.33,0.706,10.75,5
6.15,0.541,0.097,0.5,0.088,1.0,40.8,0.99456,3.47,0.707,9.4,4
8.47,0.1,0.432,3.64,0.048,22.9,70.5,0.99479,3.26,0.574,10.5,5
7.1,0.222,0.439,0.67,0.049,10.1,25.0,0.99578,3.18,0.959,10.5,6
4.93,0.571,0.109,1.34,0.166,46.5,120.1,0.99848,3.19,0.683,11.27,6
6.92,0.593,0.043,1.16,0.088,19.6,114.3,0.99517,3.34,0.519,10.5,5
7.75,0.1,0.079,2.58,0.056,33.5,91.8,0.99838,2.94,0.524,11.22,7
6.04,0.507,0.281,0.5,0.117,49.7,122.0,0.99765,3.19,0.443,11.82,5
7.41,0.696,0.381,12.87,0.05,22.6,75.6,0.99645,3.45,0.476,8.74,4
8.6,0.352,0.389,4.25,0.126,33.4,129.1,0.99461,2.94,0.958,11.74,5
8.37,0.249,0.217,5.42,0.067,36.2,101.4,0.99761,3.47,0.826,11.95,6
8.45,0.581,0.463,0.77,0.082,20.2,98.2,0.99594,3.68,0.65,11.96,7
8.45,0.596,0.676,1.35,0.081,11.1,112.0,0.99288,3.4,0.43,11.64,6
6.68,0.713,0.175,2.44,0.082,22.7,87.3,0.99355,3.29,0.698,10.62,5
8.49,0.431,0.029,0.5,0.068,22.7,70.8,0.99587,3.52,0.3,12.28,6
6.22,0.605,0.352,4.43,0.029,46.7,123.0,0.99576,3.24,0.601,11.81,6
9.64,0.631,0.303,1.5,0.077,28.4,91.9,0.99817,3.41,0.567,10.9,5
6.55,0.363,0.477,0.5,0.047,27.1,50.0,0.99786,3.06,0.932,10.48,6
7.35,0.1,0.306,6.12,0.106,59.3,131.8,0.99762,3.61,0.83,9.59,5
7.88,0.298,0.221,0.84,0.082,44.1,97.9,0.99972,3.21,0.564,9.14,5
7.21,0.522,0.459,6.52,0.1,21.5,80.5,0.99607,3.45,0.655,9.96,5
6.5,0.368,0.0,4.56,0.119,34.7,125.7,0.99891,3.52,0.815,12.98,7
9.32,0.841,0.121,13.12,0.079,30.8,119.3,0.99813,3.31,0.563,11.51,5
6.59,0.529,0.518,0.5,0.126,11.6,108.0,0.99109,3.22,0.666,10.96,6
6.83,0.308,0.407,4.53,0.08,27.3,100.3,0.99756,3.32,0.806,11.33,6
6.71,0.806,0.409,6.73,0.036,30.8,69.8,1.00213,3.57,0.467,8.0,4
5.21,0.841,0.454,1.12,0.086,32.5,67.9,0.99799,3.67,0.532,11.2,6
5.89,0.489,0.269,0.83,0.058,42.1,88.2,0.9984,3.27,0.501,10.37,5
6.92,0.571,0.258,1.37,0.102,42.6,155.6,1.00205,3.29,0.575,11.47,6
7.78,0.913,0.335,0.51,0.078,47.0,171.0,0.99329,3.31,0.511,10.06,4
7.11,0.218,0.223,1.71,0.086,13.2,98.2,0.99586,3.32,0.784,9.73,5
6.48,0.578,0.26,2.9,0.106,20.6,102.1,0.99779,3.39,0.708,11.62,6
4.99,0.5,0.098,0.5,0.091,42.5,52.5,0.99737,3.26,0.702,9.99,5
6.52,0.337,0.274,1.87,0.118,23.0,88.3,0.9948,3.22,0.764,11.42,6
6.59,0.646,0.233,5.81,0.087,39.6,75.5,0.99879,3.32,0.663,10.83,5
5.66,0.523,0.091,1.9,0.074,62.8,156.1,0.99539,3.21,0.781,11.28,6
6.19,0.829,0.694,0.8,0.061,22.6,107.5,0.99824,3.33,0.615,11.68,6
7.67,0.689,0.264,5.76,0.099,18.9,73.1,0.99593,3.18,0.923,10.88,6
7.69,0.481,0.323,1.02,0.105,27.8,68.2,0.99466,3.21,0.772,10.36,6
4.96,0.677,0.486,0.5,0.049,29.0,95.0,0.99404,3.22,0.624,11.75,6
7.18,0.333,0.261,0.8,0.066,44.5,95.6,0.99849,3.18,0.825,11.86,6
7.11,1.051,0.15,0.81,0.064,15.0,91.9,0.99726,3.26,0.531,9.46,4
6.81,0.609,0.25,1.26,0.095,52.8,101.5,0.99489,3.48,0.385,10.47,5
7.19,0.376,0.102,0.95,0.094,21.7,106.2,0.99595,3.05,0.6,8.8,4
7.01,0.523,0.072,6.47,0.082,44.3,94.2,0.99431,3.46,0.541,11.26,6
6.53,0.353,0.082,1.8,0.029,27.0,88.5,0.99727,3.17,0.609,9.8,5
7.32,0.726,0.496,1.07,0.065,21.7,84.9,0.9934,3.45,0.467,10.72,5
7.46,0.35,0.081,1.65,0.128,29.0,83.3,0.99515,3.33,0.42,9.86,5
8.4,0.558,0.225,5.25,0.088,17.9,95.6,0.9966,3.07,0.751,11.87,6
8.15,0.467,0.28,2.21,0.074,29.3,97.6,0.99838,3.35,0.706,9.36,5
8.49,0.382,0.186,0.5,0.07,10.0,63.2,0.99701,3.26,0.543,11.42,6
